:020000040800F2
:10000000C0930024A103000849AE00083D980008F1
:1000100045AE0008631D0008D5D9000800000000A7
:10002000000000000000000000000000E1020008E5
:10003000A12D0008000000003D03000895C1000844
:10004000BB030008BB030008BB030008BB03000898
:10005000BB030008BB030008BB030008BB03000888
:10006000BB030008BB030008BB03000845280008C9
:1000700055280008BB030008BB030008BB030008A9
:10008000BB030008BB030008BB030008652F000882
:10009000D52F0008BB030008BB030008BB03000802
:1000A000BB030008BB030008BB030008BB03000838
:1000B0005DC30008BB030008BB030008BB030008C6
:1000C000BB030008BB030008BB030008BB03000818
:1000D0002DC0000841D90008BB030008BB0300087D
:1000E000BB030008BB03000800000000BB030008BE
:1000F000BB030008BB030008BB030008BB030008E8
:10010000BB030008BB030008BB030008BB030008D7
:10011000BB030008BB030008BB030008BB030008C7
:10012000BB030008BB030008BB030008BB030008B7
:10013000BB030008BB030008BB030008BB030008A7
:1001400000000000000000000000000000000000AF
:10015000BB030008BB030008BB030008BB03000887
:10016000BB030008BB030008BB030008BB03000877
:10017000BB030008BB030008BB030008000000002D
:10018000BB030008BB030008BB030008BB03000857
:10019000BB030008BB030008BB030008BB03000847
:1001A000BB030008BB030008BB03000800000000FD
:1001B000BB030008BB030008BB030008BB03000827
:1001C000BB030008BB0300080000000000000000A3
:1001D0000000000000000000BB0300080000000059
:1001E000000000000000000000000000000000000F
:1001F0000000000000000000BB030008BB03000873
:10020000BB030008BB03000800000000BB0300089C
:10021000BB030008BB030008BB030008BB030008C6
:10022000BB03000800000000BB0300080000000042
:10023000BB030008BB03000800000000BB0300086C
:10024000BB030008BB030008BB030008BB03000896
:10025000BB030008BB030008BB030008BB03000886
:10026000BB030008BB030008BB030008BB03000876
:10027000BB030008BB030008BB030008000000002C
:10028000BB030008BB030008BB030008BB03000856
:1002900000000000BB030008BB03000800000000D2
:1002A00000000000BB030008BB030008BB030008FC
:1002B000BB030008BB030008BB030008E52F0008D0
:1002C000BB030008BB030008BB030008DFF80CD029
:1002D00000F036FC004800471D040108C0930024CC
:1002E0002C4B19680868B0E8F04F80F30988BFF319
:1002F0006F8F4FF0000080F31188704700000000FE
:1003000008480068006880F308884FF0000080F318
:10031000148862B661B6BFF34F8FBFF36F8F00DFF3
:1003200000BF00BF08ED00E0DFF80C00016841F4F9
:1003300070010160704700BF88ED00E0EFF30980B5
:10034000BFF36F8F134B1A681EF0100F08BF20ED1C
:10035000108A20E9F04F106009B44FF0500080F38C
:100360001188BFF34F8FBFF36F8F11F0E9FA4FF091
:10037000000080F3118809BC19680868B0E8F04FE4
:100380001EF0100F08BFB0EC108A80F30988BFF38D
:100390006F8F70479C000024EFF3058070470000CA
:1003A0000648804706480047FEE7FEE7FEE7FEE70F
:1003B000FEE7FEE7FEE7FEE7FEE7FEE77DC2000898
:1003C000CD0200082DE9F05F0546002092469B46CD
:1003D00088460646814640241BE02846414647465B
:1003E000224600F0A2F953465A46C01A914110D352
:1003F00011461846224600F089F92D1A67EB0108CC
:100400004F4622460120002100F080F917EB000939
:100410004E41201EA4F10104DFDC484631462A4645
:100420004346BDE8F09F40EA01039B0703D009E083
:1004300008C9121F08C0042AFAD203E011F8013BD0
:1004400000F8013B521EF9D27047D2B201E000F829
:10045000012B491EFBD270470022F6E710B5134668
:100460000A4604461946FFF7F0FF204610BD421C1D
:1004700010F8011B0029FBD1801A70470FB400B59A
:100480008DB010A909900B9000914FF0FF300A90A9
:1004900000200C9005480690054807906A4609A878
:1004A0000F9900F067F90DB05DF814FB9107000893
:1004B000AF0700082DE9FF5F1D464FF0FF3BD5E970
:1004C000014691465F464FF00008A9697F1C0198DC
:1004D0008847296A824688470028F6D1BAF1FF3F4B
:1004E0000CD024F4C064002E19DD600614D5BAF1D6
:1004F0002B0F09D0BAF12D0F0ED103E0584604B0EE
:10050000BDE8F09F44F48064A9697F1C0198884786
:10051000761E8246002E02DDBAF1300F03D0B9F10B
:10052000000F26D032E0A969761E44F400747F1CC7
:10053000019888478246002E05DDBAF1780F06D073
:10054000BAF1580F03D0B9F1000F10D01EE0B9F185
:10055000000F02D0B9F1100F18D1A969761E24F44A
:1005600000747F1C019888478246102002E0082012
:1005700000E00A20814609E008FB0908A969761E07
:1005800044F400747F1C019888478246002E05DDE4
:100590004946504600F0D9F80028EDDAE96901989B
:1005A0008847A00502D46FF00100A8E7E00725D135
:1005B000600613D5600502D5C8F1000000E0404692
:1005C00029680A1D2A600968220501D5087015E00E
:1005D000220701D5088011E008600FE02868011D9E
:1005E00029600068210502D580F8008006E0210717
:1005F00002D5A0F8008001E0C0F8008038467EE710
:100600002DE9FF5FD2E901A74FF0000891699946F3
:100610001446DDF838B0464601988847054659EA41
:100620000B0005D009E0A169761C019888470546B2
:10063000216A284688470028F5D1681C03D05FEA64
:10064000CA7005D015E04FF0FF3004B0BDE8F09F50
:100650002068011D2160D0F800800AE05FEACA70BE
:1006600001D108F8015BA169761C7F1E01988847BB
:100670000546002F1ADD681C18D0B9F1000F0DD007
:10068000E81705EBD060421120F01F0059F8221046
:100690002A1A012090400142E0D107E0BBF1000F8F
:1006A000DCD1216A284688470028D7D0E169019823
:1006B0008847BBF1000F07D1002E05DD5FEACA7045
:1006C00002D1002188F80010A068B84203DDBBF118
:1006D000000F03D017B16FF00100B6E73046B4E762
:1006E00030B50B46014600202022012409E021FA02
:1006F00002F59D4205D303FA02F5491B04FA02F5FF
:100700002844151EA2F10102F1DC30BD202A04DBD1
:10071000203A00FA02F1002070479140C2F1200314
:1007200020FA03F3194390407047202A04DB203A53
:1007300021FA02F00021704721FA02F3D040C2F101
:10074000200291400843194670473A2800D23038B9
:1007500020F02002412A01D3A2F13700884201D3C0
:100760004FF0FF30704700000268114413780160B9
:1007700018467047D1600449516104491162002153
:100780001161114600F006BA69070008890B0008DC
:10079000426842B1016811F8013B23B1521EC0E921
:1007A0000012184670470121C160881E70474268D8
:1007B0005AB1C368016843B983688B4205D0491EAA
:1007C000521CC0E90012002070474FF0FF30704704
:1007D0002DE9FE4F804681EA0300C00F0C460090D1
:1007E00021F0004123F00045B8EB0200A94105D2F9
:1007F0004046214690461C460B46024623F00040E8
:10080000104347D0270DC7F30A00C3F30A510290E3
:10081000401A019040286BDAC3F3130040F4801BA8
:100820000098924620B10023D2EB030A63EB0B0B36
:1008300001985946C0F140025046FFF767FF06464F
:100840000D4650465946019A00F08CF910EB08000D
:100850006141002487EA115284EAE7731A4340D0C9
:10086000009A62B3019A012A4FEA075215DC001B75
:1008700061EB02014FF0004202EA0752CDE900426B
:10088000001C41F5801132462B4600F028FB03B0D6
:10089000BDE8F08F40462146F9E7001B61EB0201FD
:1008A000001C41F5801300185B412018A2F50017C9
:1008B00047EB030140EAD570B6196D4111E06D08B0
:1008C0004FEA360645EAC0754FEA0752001B61EB56
:1008D0000201001C41F5801149084FEA300000195F
:1008E000514132462B4603B0BDE8F04F00F0E8BA64
:1008F0000098012240000023D0EB020263EBE0737A
:10090000009821464FEAE074B8EB000061EB040167
:10091000E9E783F000435BE781F0004158E72DE908
:10092000FE4F81EA030404F0004421F000410094EA
:100930004FF0000B23F0004350EA01045ED052EA6E
:1009400003045BD0C3F30A54C1F30A552C44A4F248
:10095000F3340194A0FB0254C1F3130141F480115C
:10096000C3F3130343F4801301FB024400FB034E63
:10097000840A970A44EA815447EA8357A4FB07682C
:1009800002958D0A05FB07854FEA932C04FB0C5456
:100990002705029D4FEA065847EA1637B5EB0805CA
:1009A0006EEB070C870E920E47EA811742EA83121C
:1009B000A7FB0201B6EB0B0164EB00042B0D43EA2D
:1009C0000C335E1844EB1C50DA465146E7FB02013B
:1009D000C5F313044FEA0B3343EA14534FEA0432CE
:1009E000019C43EA0603A4F10C040294009CCDE9A7
:1009F00000B400F074FA03B0BDE8F08F00200146A7
:100A0000F9E72DE9F04D81EA030404F0004B21F0F1
:100A1000004514464FF0000A23F0004150EA050259
:100A200020D054EA01021DD0C5F30A570246C5F38F
:100A30001303C1F31300C1F30A5640F4801543F4C5
:100A40008013A7EB0608101BD64608F2FD3873EB9F
:100A5000050002D308F1010801E092185B41B8F1EA
:100A6000000F03DA00200146BDE8F08D00204FF4AE
:100A70008011064684460EE0171B73EB050705D36D
:100A8000121B63EB050306434CEA010C49084FEACD
:100A9000300092185B4150EA0107EDD152EA0300A1
:100AA00012D082EA040083EA0501084305D0101B36
:100AB000AB4106D20122002306E000224FF00043A2
:100AC00002E06FF0010253101AEB06004CEB0851E4
:100AD00010EB0A0041EB0B01BDE8F04D00F0F0B95E
:100AE000C1F30A52C1F3130140F2FF3341F4801104
:100AF0009A4202DA00200146704740F233439A429C
:100B0000A2F2334202DC5242FFF70FBEFFF7FEBDF6
:100B100030B5041E71F1000404DB4FF00044404284
:100B200064EB0101141E73F1000405DB1C464FF059
:100B30000043524263EB0403994208BF904230BD28
:100B4000064C074D06E0E06840F0010394E807001A
:100B500098471034AC42F6D3FFF7BCFB7C32010857
:100B60009C320108202A06DBCB17203A41FA02F01A
:100B700043EAE07306E041FA02F3D040C2F12002FA
:100B80009140084319467047C0B24FF4F05100F04D
:100B9000F5B900002DE9F34F8BB04FF0000801F1DB
:100BA0000C000C464FF0010B46460DF1080A01906F
:100BB0006269012101989047051E2DD0252D2CD06A
:100BC000216A8847C0B16269012101989047216A72
:100BD00088470028F7D1411E62690198904700E0DC
:100BE000761CA1690B988847216A88470028F7D1AD
:100BF000E1690B988847DBE7A1690B9888470746AE
:100C0000A84201D1761CD3E7E1690B9888477F1C85
:100C100002D1B8F1000F6FD046E1002762693D466E
:100C20003946019890472A2804D162690121019828
:100C300090470125DFF8849262690121019890476D
:100C4000A0F130010A290AD24F45E5DC07EB870104
:100C500000EB4107303FDFD445F01005ECE7E90633
:100C600001D46FF000476C280AD04C2814D06828B3
:100C700015D06A280DD074281CD07A281AD01DE00F
:100C800062690121019890476C2802D045F0040563
:100C900014E045F002050DE045F020050AE0626928
:100CA000012101989047682802D045F0080505E029
:100CB00045F400656269012101989047C4E9015734
:100CC00065283DD019DC58287AD00CDC452837D06F
:100CD00004DC252826D0412831D131E046282FD008
:100CE00047282CD12CE05B2877D0612828D06328B6
:100CF0007CD0642823D15AE0D0E06F2848D008DCAB
:100D000066281DD067281BD0692821D06E2816D1EF
:100D100027E0702845D0732868D0752847D07828F8
:100D20000DD14DE0A1690B988847054625283FF471
:100D300069AFE1690B9888476D1C3FF46AAFB3E077
:100D400023466A466FF001000B99AFF300809EE0E6
:100D500045F040006060A80723464FF0000236D4FB
:100D60003EE0E8077FF447AF2068011D216000687E
:100D7000290501D506701BE7290701D5068017E76D
:100D8000A90703D5F117C0E9006111E706600FE775
:100D900045F040006060A80723464FF0080216D4D3
:100DA0001EE040F60E0125EA0100606016E045F005
:100DB00040006060A80723464FF00A0207D40FE006
:100DC00045F040006060A80708D5234610226FF068
:100DD00001000B99AFF3008059E007E02346102291
:100DE0006FF001000B99FFF765FB50E04FF0000931
:100DF0004F464B46632802D05B2806D040E0E80609
:100E000001D40120A06001273AE062690121019824
:100E100090475E2805D14FF0010962694946019863
:100E20009047216939B900210A46534643F82120E9
:100E3000491C0829FADBB0B3216969B9C11700EB75
:100E4000D16253110AEB830122F01F02821A0120A2
:100E50000B68904003430B60626901210198904741
:100E60005D28E8D1B9F1000F09D00020514651F8B2
:100E70002020D24341F82020401C0828F7DB02AB99
:100E8000224600976FF001000B99FFF7B9FB00288D
:100E90000CDA401C08D1BBF1000F05D04FF0FF3039
:100EA0000DB0BDE8F08FFFE74046F9E7E90701D153
:100EB00008F1010806444FF0000B79E6CCCCCC0CCD
:100EC00010B5141E73F1000408DA401C41F1000152
:100ED00092185B411A4301D120F0010010BD2DE9A9
:100EE000F04D92469B4611B1B1FA81F202E0B0FAA0
:100EF00080F220329046FFF709FC04460F4640EA94
:100F00000A0041EA0B0153465A46084313D01146E2
:100F100053EA010019D0C8F140025046FFF705FC22
:100F200005460E46504659464246FFF7EFFB08433A
:100F300005D0012004E020463946BDE8F08D0020B0
:100F4000054346EAE0762C4337430A986305E40AF2
:100F5000A0EB08000022FD0A44EA47540A3002D5FB
:100F600000200146E9E7010510196941DDE908455E
:100F700000196941BDE8F04DA2E700007F2801D9C2
:100F8000002208E0064A02EB5002C007127800D1A6
:100F9000120902F00F020120904008407047000043
:100FA000C429010870B58C1810F8015B15F007030F
:100FB00001D110F8013B2A1106D110F8012B03E0F2
:100FC00010F8016B01F8016B5B1EF9D12B0705D4FA
:100FD0000023521E0DD401F8013BFAE710F8013B43
:100FE000CB1A921C03E013F8015B01F8015B521E5F
:100FF000F9D5A142D8D3002070BD00009FED201A82
:10100000B5EE002A00EE012A9FED1E1ABDEEC20ABF
:10101000B5EEC02AF1EE10FA10EE100AB8BF013892
:1010200000EE100A0020B8EEC00A32EE400A9FED32
:10103000162A20EE010ABCEEC01A11EE101A30EE8C
:10104000021AB0EB512F18BF002102EE101A42F61F
:10105000782000FE010AC0F60100B8EE422A00EB3B
:10106000810090ED011A30EE420AB7EE002A32EE0E
:10107000402A20EE010A90ED001A02EE010A7047A4
:1010800083F9223E00000044000000C4B0B503888C
:101090000D88AB4256D145884C88A54252D1148860
:1010A000A3424FD15488A5424CD105FB03FC4368B1
:1010B00000254968B5EB9C0F506831D04FEA9C027F
:1010C000524200BF93ED000A91ED001A30EE010A82
:1010D00003F1100E01F1100400F1100580ED000A7B
:1010E000013293ED010A91ED011A30EE010A80ED13
:1010F000010A93ED020A91ED021A30EE010A80ED29
:10110000020A93ED030A91ED031A30EE010A7346C9
:10111000214680ED030A2846D4D12146284673464D
:101120001CF003020CD05242B3EC010AB1EC011ADC
:1011300030EE010A051D013280ED000A2846F3D188
:10114000002000E0FD2040B2B0BD0180428043603D
:10115000704700002DE9F04F8BB0B0F800B0B0F848
:1011600002E0F34540F051810B88FD229B4540F0A1
:101170004D814F88BB4240F04981BBF1000F43686D
:1011800000F029816FF003004C6800EB8B08CDF86C
:101190001CE0002700934FF07E5906945E462046DF
:1011A000BBEB060009D0B9002046FFF755F9002037
:1011B0000130874204F10404FAD104F1040AC4F8AE
:1011C0000090751E10D0A8EB87015046FFF744F938
:1011D000012054460130864204F10404FAD1002D66
:1011E00007F101072E46DBD1BBF1000F009BDDF8B4
:1011F0001CE000F0F0800420CDF814B000EB8E006D
:1012000001901846ABF1010603EB8E044FEA8E0203
:101210001D1DCEF10001002308919FED800A774645
:10122000814600BF5B4580F0F58003FB0EF0B0EE19
:10123000403A09EB80010A9191ED001A0699B0EE4F
:10124000414A01EB800009902146304606E000BF8C
:1012500091ED004A0138B0EE423A1144B5EEC04A71
:10126000F1EE10FA0ADDB4EEC34AB0EE442AF1EE14
:1012700010FAD8BFB0EE432A09E000BFB1EE442A0D
:10128000B4EEC23AF1EE10FA01DBB0EE432A0028C8
:10129000DED1B5EE402AF1EE10FA00F0BB80B0EEE0
:1012A000C13AB4EE423AF1EE10FA1CBFD84310EB4B
:1012B0000B0004D0002000BF01308642FCD1B5EE07
:1012C000401AF1EE10FA00F0A580CDE90346AEEB2E
:1012D000030C0A99BCF1010F4FF07E5008600AD050
:1012E0000120294691ED002A82EE012A0130874231
:1012F000A1EC012AF6D1DDE9080100BF91ED002A39
:1013000082EE012A0C1D013081ED002A2146F5D123
:10131000ACF1010B05994FF00008DDF818A0484624
:10132000CDF80890984505D100EB8C060AEB8E0AA3
:1013300033E000BF90ED001A0A9CB0EE413ABBF1D9
:10134000000F94ED002A01EE423A00F1040680ED10
:10135000003A15D00120002406EB040905EB040E29
:1013600099ED002A9EED003A01EE432A01308742B2
:1013700004F1040489ED002AEED12644DDF81CE0D6
:10138000DDE908049AED002A94ED003A01EE432AC3
:1013900004340130AAEC012AF4D106EB83000139B0
:1013A00008F10108BED1DDF80890013F049E09F163
:1013B0000409039C03F101030198A6F1010604440A
:1013C000DDF814B005447FF42DAFB5EE401A009B54
:1013D000F1EE10FA20D10EFB0BF1002000294FF0A6
:1013E00000020BD093ED000AB5EE400AF1EE10FAC0
:1013F00004D101328A4203F10403F3D38A4208BFC5
:101400006FF004000BB0BDE8F08FFD2250B20BB0BE
:10141000BDE8F08FFB22F9E70022F7E700000000AB
:101420002DE9F04F88B0B0F802C00B889C4540F021
:101430008880B0F800E013889E4540F08280B1F8C3
:101440000290538899457CD14FEA9C04476804FB7D
:1014500009F049680CF00305029101EB00100190BE
:1014600000202CF00303A0EB9C0107EB83060791FF
:101470004FEA89035168C5F1000A00919FED330AD4
:10148000CDE9039CCDE9050E0099CE4601EB80081D
:10149000DDE901BC002CB0EE401AE146384627D009
:1014A000624607993846B0EE401A00BF92ED002A16
:1014B00090ED003A03EE021A1A4490ED014A92EDC3
:1014C000002A04EE021A1A4490ED025A92ED002A04
:1014D00005EE021A1A4490ED036A92ED002A06EE18
:1014E000021A013100F110001A44DFD1D94630460A
:1014F00055B1514690ED002A99ED003A02EE031ADB
:10150000043001319944F5D108F1040088ED001A46
:10151000BEF1010E0CF1040C0BF1040B8046B9D1A5
:10152000DDF80C900598DDF810C04844DDF818E0AF
:1015300007EB8C07BEF1010E06EB8C06A2D1002052
:1015400000E0FD2040B208B0BDE8F08F00000000D0
:10155000B0B503880D88AB4256D145884C88A5426A
:1015600052D11488A3424FD15488A5424CD105FBD7
:1015700003FC436800254968B5EB9C0F506831D0E7
:101580004FEA9C02524200BF93ED000A91ED001A0F
:1015900030EE410A03F1100E01F1100400F11005C4
:1015A00080ED000A013293ED010A91ED011A30EE4F
:1015B000410A80ED010A93ED020A91ED021A30EE24
:1015C000410A80ED020A93ED030A91ED031A30EE11
:1015D000410A7346214680ED030A2846D4D12146AC
:1015E000284673461CF003020CD05242B3EC010AA9
:1015F000B1EC011A30EE410A051D013280ED000AFE
:101600002846F3D1002000E0FD2040B2B0BD00002C
:101610002DE9F04F83B002884B889A424DD144881F
:101620000B889C4249D10023D1F804804FEA940CE6
:10163000416804F0030ECDF80080A3EB94040294FB
:10164000140196000194CEF1000B4046BCF1000F4E
:101650001ED04746029C00BF08683D4638603744AC
:10166000486807EB0609A85101F11000D1F808A05D
:10167000013447F806A009EB0607C968374449F862
:1016800006100146E8D101996C18014603E000BF3D
:10169000009800EB8304BEF1000F07D05D4600BF49
:1016A00051F8040B013520603444F9D10133013A7B
:1016B00008F10408CAD1002000E0FD2040B203B0C8
:1016C000BDE8F08F9FED1F1A20EE010A9FED1F2A43
:1016D000BDEEC01AB5EEC00AF1EE10FA11EE100A16
:1016E000B8BF013801EE100A0020B8EEC11A30EE82
:1016F000410A9FED151A20EE010ABCEEC01A11EE48
:10170000101A30EE021AB0EB512F18BF002102EE72
:10171000101A42F6782000FE010AC0F60100B8EE69
:10172000422A00EB810090ED011A30EE420AB7EE3A
:10173000002A32EE402A20EE010A90ED001A02EE55
:10174000010A704783F9223E00000044000000C4F3
:1017500010B501221146024804F0FAF910BD00004C
:101760000008025810B500220121024804F0F0F9E7
:1017700010BD00000008025810B5012208210248DF
:1017800004F0E6F910BD00000008025810B5002270
:101790000821024804F0DCF910BD000000080258DE
:1017A00010B50446FFF7DEFF922000F011FA062282
:1017B000C249122000F0ECF9FFF7CAFFC0480078D8
:1017C000002855D0BD484078000200B2BB490978D6
:1017D0000843BC49088094ED0C0A0846B0F90000A3
:1017E00000EE900AF8EEE00AB74890ED001A60EEBD
:1017F000810A94ED081A10EE810A84ED000AAF48C0
:10180000C078000200B2AD4989780843AD4908802C
:1018100094ED0D0A0846B0F9000000EE900AF8EECB
:10182000E00AA94890ED001A60EE810A94ED081ACA
:1018300010EE810A84ED010AA0484079000200B24E
:101840009E49097908439F4908800846B0F900007D
:1018500000EE100AB8EEC00A9B48D0ED000A20EE58
:10186000200AD4ED080A20EE200A84ED020A50E096
:1018700092484078000200B29049097808439149A3
:1018800008800846B0F9000000EE100AB8EEC00A61
:101890008D48D0ED000A20EE200AD4ED080A20EE93
:1018A000200A84ED000A8548C078000200B283490E
:1018B00089780843834908800846B0F9000000EEA3
:1018C000100AB8EEC00A8048D0ED000A20EE200AC7
:1018D000D4ED080A20EE200A84ED010A7748407909
:1018E000000200B275490979084376490880084624
:1018F000B0F9000000EE100AB8EEC00A7248D0ED50
:10190000000A20EE200AD4ED080A20EE200A84ED19
:10191000020AFFF73BFF08226849002000F038F96F
:10192000FFF72AFF654800780F284FD164480078F8
:10193000F0B36248C078000200B260498978084379
:101940006049088094ED090A0846B0F9000000EEED
:10195000900AF8EEE00A5D4890ED001A10EE810A58
:1019600084ED030A55484079000200B253490979D1
:1019700008435449088094ED0A0A0846B0F900006B
:1019800000EE900AF8EEE00A504890ED001A10EED2
:10199000810A84ED040A4948C079000200B247492F
:1019A000897908434749088094ED0B0A084600E00E
:1019B0000DE0B0F9000000EE900AF8EEE00A4348AE
:1019C00090ED001A10EE810A84ED050A44E03B48D0
:1019D000C078000200B23949897808433949088043
:1019E0000846B0F9000000EE100AB8EEC00A374809
:1019F000D0ED000A20EE200A84ED030A2F4840793A
:101A0000000200B22D49097908432E490880084692
:101A1000B0F9000000EE100AB8EEC00A2B48D0ED75
:101A2000000A20EE200A84ED040A2448C07900024E
:101A300000B2224989790843224908800846B0F952
:101A4000000000EE100AB8EEC00A2048D0ED000AEF
:101A500020EE200A84ED050AFFF784FEA22000F0A4
:101A6000B7F802221549222000F092F8FFF770FE25
:101A700012480078C0001149497840EA61101149C4
:101A800008800846B0F90000B0F5806F05DB084615
:101A90000088A0F5006000B208800A48B0F9000094
:101AA00000EE100AF8EEC00AB4EE001AB3EE070A10
:101AB00000EE810A84ED070A10BD000078000024C2
:101AC0004800002480000024380000243C0000244A
:101AD00070B504460D462248046000202149087074
:101AE0000DF0E6FA1F49097808431E4908700DF009
:101AF00095FB1C49097808431A4908701DB11A481A
:101B000000F032F928E09FED190A174880ED090A24
:101B10009FED170A80ED0A0A9FED160A80ED0B0A69
:101B20009FED150A80ED0C0A9FED140A80ED0D0A59
:101B30009FED130A80ED0E0A9FED120A80ED0F0A49
:101B400090ED0F0ADFED100A80EE801A80ED081A82
:101B50009FED0E0A80ED060A0248007870BD000075
:101B6000840000244200002468080024F0A032BA57
:101B7000B9F3AFBAB1EFBBBA0B6F993E2A98933D58
:101B8000000000007A841D41C3F51C410000204282
:101B900070B506460C46154646F0800000F018F871
:101BA00006E0552000F014F82070641C681EC5B2D1
:101BB000002DF6D170BD70B504460D4644F080008E
:101BC00000F006F8552000F003F8287070BD000002
:101BD00001B582B04FF47A70012301AA02A90090E6
:101BE0000348006806F056FB9DF804000EBD000097
:101BF0008400002470B505460C462846FFF7E8FF30
:101C00002046FFF7E5FF70BDD2ED020A92ED021A01
:101C1000B6EE000A00EEC10AD2ED030A92ED031AF5
:101C200000EEC10AD0ED000A20EE200AD2ED010A32
:101C300092ED021A60EE810A92ED001AD2ED031ABB
:101C400041EE610A90ED011A00EE810AD2ED010A1F
:101C500092ED031A60EE810A92ED001AD2ED021A9B
:101C600041EE210A90ED021A00EE810AF0EE000A20
:101C700020EE200A81ED000A92ED010AD2ED020A5F
:101C800020EE200AD2ED000A92ED031A00EE810A3E
:101C9000D0ED000A60EE200A92ED011AD2ED011A91
:101CA000B6EE000A01EE610AD2ED031A92ED032AA4
:101CB000B0EE401A01EEC21AD0ED011AB0EE600A81
:101CC00001EE210AD2ED020A92ED031A60EE810ABA
:101CD00092ED001AD2ED011A41EE610A90ED021A5E
:101CE00000EE810AF0EE000A20EE200A81ED010AE2
:101CF00092ED010AD2ED030A20EE200AD2ED000A8D
:101D000092ED021A00EEC10AD0ED000A20EE200A80
:101D1000D2ED020A92ED031A60EE810A92ED001AEA
:101D2000D2ED011A41EE210A90ED011A00EE810A6E
:101D300092ED011AD2ED011AF6EE000A41EE610AA7
:101D400092ED021AD2ED021A41EE610A90ED021AEA
:101D500000EE810AF0EE000A20EE200A81ED020A70
:101D6000704700BFFEE7000070B52DED048B88B012
:101D7000044600200690079000F04CFFFE4880EDDE
:101D8000000A00BF00F046FFFB48D0ED000A30EE2D
:101D9000600AF2EE040AB4EEE00AF1EE10FA14DD85
:101DA0009FEDF60A84ED090A9FEDF50A84ED0A0A13
:101DB0009FEDF40A84ED0B0A9FEDF30A84ED0F0A00
:101DC0009FEDF20A84ED060A5FE29FEDF10A00F052
:101DD000DDFE9FEDF00A84ED0F0A9FEDEE0A84ED23
:101DE000090A9FEDEC0A84ED0A0A9FEDEA0A84EDE8
:101DF0000B0A002673E1FFF7B5FC9220FFF7E8FE1F
:101E0000062206A91220FFF7C3FEFFF7A1FC9DF8EA
:101E10001900000200B29DF8181040EA010500EE1A
:101E2000105AB8EEC00ADC48D0ED000A20EE200AB5
:101E300084ED000A9DF81B00000200B29DF81A1004
:101E400040EA010500EE105AB8EEC00AD248D0EDC3
:101E5000000A20EE200A84ED010A9DF81D00000210
:101E600000B29DF81C1040EA010500EE105AB8EED1
:101E7000C00AC948D0ED000A20EE200A84ED020A0B
:101E8000D4ED000A60EEA00A94ED011AD4ED011A17
:101E900041EE210A94ED021AD4ED021A41EE210A14
:101EA000B0EE600A0CF057FCB0EE408A94ED0F0AD9
:101EB00030EE080A84ED0F0AFFF768FC082206A935
:101EC0000020FFF765FEFFF757FC9DF818000F286C
:101ED00050D19DF81B00000200B29DF81A1040EA94
:101EE000010500EE105AB8EEC00AAC48D0ED000A69
:101EF00020EE200A84ED030A94ED090AD4ED030ACA
:101F000030EE200A84ED090A9DF81D00000200B29F
:101F10009DF81C1040EA010500EE105AB8EEC00A08
:101F20009E48D0ED000A20EE200A84ED040A94EDCC
:101F30000A0AD4ED040A30EE200A84ED0A0A9DF85C
:101F40001F00000200B29DF81E1040EA010500EEDD
:101F5000105AB8EEC00A9148D0ED000A20EE200ACF
:101F600084ED050A94ED0B0AD4ED050A30EE200A43
:101F700084ED0B0A06BBF0EE488AB0EE489A0020CA
:101F800017E004F10C0101EB800191ED000A03A9B7
:101F900001EB800181ED000A04F10C0101EB8001ED
:101FA00091ED000A694601EB800181ED000A411CB8
:101FB000C8B20328E5DB49E0B4EEE88AF1EE10FA96
:101FC00001DDF0EE488AB4EEC98AF1EE10FA01D2D2
:101FD000B0EE489A002037E004F10C0101EB8001DB
:101FE00091ED000A03A901EB8001D1ED000AB4EEE6
:101FF000E00AF1EE10FA0ADD04F10C0101EB8001B8
:1020000091ED000A03A901EB800181ED000A04F1C2
:102010000C0101EB800191ED000A694601EB8001A2
:10202000D1ED000AB4EEE00AF1EE10FA0AD204F1A2
:102030000C0101EB800191ED000A694601EB800182
:1020400081ED000A411CC8B20328C5DB38EEC90A7D
:10205000534880ED000A002012E003A901EB800143
:1020600091ED000A694601EB8001D1ED000A30EEE6
:10207000600A4C4901EB800181ED000A411CC8B2A5
:102080000328EADB464890ED000AF6EE000AB4EEBB
:10209000E00AF1EE10FA1BDC424890ED000ADFED99
:1020A000420AB4EEE00AF1EE10FA11DC90ED010AFA
:1020B000DFED3D0AB4EEE00AF1EE10FA08DC90ED37
:1020C000020ADFED390AB4EEE00AF1EE10FA00DDA3
:1020D0000AE09FED360A00F059FD701C86B23448C4
:1020E00000888642FFF687AE00BFD4ED0F0A304865
:1020F000008800EE100AB8EE400A80EE801A84EDE7
:102100000F1A002015E004F1240101EB8001D1ED4C
:10211000000A2749098800EE101AB8EE400A80EE3E
:10212000801A04F1240101EB800181ED001A411CA9
:10213000C8B20328E7DBFFF715FBA220FFF748FD35
:10214000022206A92220FFF723FDFFF701FB9DF8DD
:102150001800C0009DF8191040EA6115B5F5806FB0
:1021600002DBA5F5006005B200EE105AF8EEC00AD9
:10217000B4EE001A1EE0000070000024F0A032BA95
:10218000B9F3AFBAB1EFBBBA7A841D410000204267
:102190000AD7A33B00000000380000243C000024C4
:1021A000440000245C0800249A99193E6F12033AF7
:1021B00074000024B3EE070A00EE810A84ED060ADB
:1021C0007C480088401C00B27A4908807A4890ED2B
:1021D000000AF6EE000AB4EEE00AF1EE10FA3FF75C
:1021E000D1ADD4ED0F0A9FED751A70EEC10AB0EEB5
:1021F000600A0DF0E6FCF6EE000AB4EEE00AF1EE3D
:1022000010FAECDC6E4890ED000A5FED190AB4EEAE
:10221000E00AF1EE10FAE2DC90ED010A5FED1E0A31
:10222000B4EEE00AF1EE10FAD9DC90ED020A5FEDAF
:10223000220AB4EEE00AF1EE10FAD0DCD4ED090A7D
:10224000B0EE600A0DF0BDFCDFED5E0AB4EEE00A10
:10225000F1EE10FAC3DCD4ED0A0AB0EE600A0DF01C
:10226000B0FCDFED580AB4EEE00AF1EE10FAB6DC8D
:10227000D4ED0B0AB0EE600A0DF0A3FCDFED510ABD
:10228000B4EEE00AF1EE10FAA9DC00BF94ED0F0AFB
:10229000DFED4D0A80EE801A84ED081A002680E0FA
:1022A000FFF760FA9220FFF793FC062206A912209E
:1022B000FFF76EFCFFF74CFA9DF81900000200B220
:1022C0009DF8181040EA010500EE105AB8EEC00A59
:1022D0003E48D0ED000A20EE200AD4ED080A20EE98
:1022E000200A84ED000A94ED0C0ADFED390A20EE95
:1022F000200AD4ED000A9FED371A00EE810A84ED22
:102300000C0A9DF81B00000200B29DF81A1040EA6A
:10231000010500EE105AB8EEC00A2C48D0ED000AB4
:1023200020EE200AD4ED080A20EE200A84ED010AEE
:1023300094ED0D0ADFED260A20EE200AD4ED010A05
:102340009FED241A00EE810A84ED0D0A9DF81D0010
:10235000000200B29DF81C1040EA010500EE105A80
:10236000B8EEC00A1948D0ED000A20EE200AD4EDDC
:10237000080A20EE200A84ED020A94ED0E0ADFED31
:10238000140A20EE200AD4ED020A9FED121A00EE84
:10239000810A84ED0E0A1FED7B0A00F0F7FB701C2A
:1023A00086B20D4800888642FFF67AAF08B0BDECD1
:1023B000048B70BD4A00002444000024CDCC1C4195
:1023C0005C0800240AD7233CC3F51C4138000024D4
:1023D000CDCC4C3FCDCC4C3E7600002400BF00F06D
:1023E0005DF8FCE72DE9F04104460D461646002253
:1023F000062104F170000DF066FC0022082104F1B2
:10240000A8000DF060FC0022012104F58E700FF091
:10241000DDFA28460BF040FFDFED1C0A9FED1C0A99
:102420001C4A0021304608F0EDFE00270AE0B4F80F
:10243000A820AC20015B18480DF0A2FB01200EF093
:1024400073F97F1C0A2FF2DB00270AE0B4F8702032
:102450007420015B10480DF093FB01200EF064F92D
:102460007F1C0A2FF2DB00270BE04FF48E70025B1B
:10247000B4F8241108480DF083FB01200EF054F944
:102480007F1C0A2FF1DBBDE8F08100000000000096
:1024900000000243782901082C04002408B502E05A
:1024A00001200EF041F9514890F890000028F7D033
:1024B0004F4A50495048FFF795FF96E04B4A4D4927
:1024C0004D480DF0CDF84A484C4B484A49490090D8
:1024D00049480CF07BFF484890F8C401012844D1DA
:1024E000444890ED1E0AB0EE402A4348B0F8AC10C4
:1024F000DFED431A9FED421ADFED410A9FED400ADE
:1025000040480EF009F8404800680EF00DF93948CF
:1025100090ED1D0AB0EE402A3748B0F87410DFED98
:10252000381A9FED371ADFED360A9FED350A354828
:102530000DF0F2FF344800680EF0F6F82E4890EDEA
:10254000480AB0EE402AB0F82411DFED2D1A9FEDB5
:102550002C1ADFED2B0A9FED2A0A2A480EF054F8B8
:10256000294800680EF0E0F83FE0234890F8C401E5
:10257000D8BB2148B0F8AC109FED212ADFED201A1E
:102580009FED1F1ADFED1E0A9FED1D0A1D480DF07D
:10259000C3FF1D4800680EF0C7F81748B0F8741064
:1025A0009FED172ADFED161A9FED151ADFED140ABD
:1025B0009FED130A13480DF0AFFF134800680EF0AB
:1025C000B3F80D48B0F824119FED0D2ADFED0C1A79
:1025D0009FED0B1ADFED0A0A9FED090A09480EF07C
:1025E00013F8094800680EF09FF867E79881002407
:1025F00074830024C88200246884002430010024ED
:10260000000000002C0400246001002400BF00F042
:1026100057F8FCE72DE9F04104460D461646002226
:10262000062120460DF04FFB0022082104F138005E
:102630000DF049FB0022114604F1E0000FF0C6F94D
:1026400028460BF029FEDFED1A0A9FED1A0A1A4AF6
:102650000021304608F0D6FD002708E0228FA18F28
:1026600016480DF08DFA01200EF05EF87F1C0A2F3F
:10267000F4DB002708E02288A18810480DF080FADA
:1026800001200EF051F87F1C0A2FF4DB00270AE02E
:10269000B4F8E020E820015B08480DF071FA012051
:1026A0000EF042F87F1C0A2FF2DBBDE8F08100003B
:1026B0000000000000000243842901088C0300246C
:1026C00008B502E001200EF02FF8534890F8900072
:1026D0000028F7D0514A52495248FFF79BFF524910
:1026E000524809F067FA52480EF036FE92E04A4A24
:1026F0004B494C480DF056F948484E4B464A48491C
:10270000009048480CF0D2FF464890F8C4010128D8
:1027100042D1434890ED1E0AB0EE402A4148818FD5
:10272000DFED451A9FED441ADFED430A9FED420AA3
:1027300042480DF0F1FE424800680DF0F5FF3848C0
:1027400090ED1D0AB0EE402A36488188DFED3A1A36
:102750009FED391ADFED380A9FED370A37480DF043
:10276000DBFE374800680DF0DFFF2E4890ED390A98
:10277000B0EE402AB0F8E810DFED2F1A9FED2E1AC8
:10278000DFED2D0A9FED2C0A2C480DF03DFF2C4863
:1027900000680DF0C9FF3DE0224890F8C401C8BBB5
:1027A0002048818F9FED242ADFED231A9FED221A06
:1027B000DFED210A9FED200A20480DF0ADFE2048F4
:1027C00000680DF0B1FF174881889FED1B2ADFEDEF
:1027D0001A1A9FED191ADFED180A9FED170A17480C
:1027E0000DF09AFE164800680DF09EFF0D48B0F8F7
:1027F000E8109FED112ADFED101A9FED0F1ADFEDA3
:102800000E0A9FED0D0A0D480DF0FEFE0C48006803
:102810000DF08AFF6BE700009881002448860024B1
:10282000BC83002468840024D88600249086002479
:102830002087002468010024000000008C0300248D
:102840005802002410B5024801F088F910BD0000BC
:10285000F405002410B5024801F080F910BD000015
:102860006C0600240146374A0868904249D0354A30
:1028700018320868904244D0324A30320868904298
:102880003FD0304A4832086890423AD02D4A6032F0
:102890000868904235D02B4A78320868904230D090
:1028A000284A9032086890422BD0264AA8320868FD
:1028B000904226D0244A0868904222D0224A1832F8
:1028C000086890421DD0204A30320868904218D0E3
:1028D0001D4A48320868904213D01B4A603208688B
:1028E00090420ED0184A78320868904209D0164AB1
:1028F00090320868904204D0134AA8320868904287
:1029000001D1012000E00020B0B10A78103A18236C
:10291000B2FBF3F000F007020C4B9A5CCA65032887
:1029200005D90A686FF30902121D8A6503E00A6877
:102930006FF309028A6503E0086820F0FF008865EC
:10294000886D70471000024010040240DC28010826
:1029500010B502682B4C0368A34222D0294C1434D2
:102960000368A3421DD0274C28340368A34218D023
:10297000244C3C340368A34213D0224C50340368E7
:10298000A3420ED01F4C64340368A34209D01D4CEF
:1029900078340368A34204D01A4C8C340368A342F1
:1029A00001D1012300E000238BB10378083B1424FC
:1029B000B3FBF4F1144B03EB81030366124B80333A
:1029C000436601F01F040123A340836618E00378E7
:1029D000103B1824B3FBF4F10C4B9A4204D80B4B78
:1029E000A83B9A4200D30831094B03EB81030366ED
:1029F000074B8033436601F01F040123A340836625
:102A000010BD00000854025800580258B804024093
:102A1000000802400179A9B3082940D8204B026878
:102A20009A4222D01E4B143302689A421DD01C4B8E
:102A3000283302689A4218D0194B3C3302689A42F4
:102A400013D0174B503302689A420ED0144B6433A4
:102A500002689A4209D0124B783302689A4204D035
:102A60000F4B8C3302689A4201D1012200E0002210
:102A70004AB14A1E0B4B03EB8202C266094A40323E
:102A8000026708E00BE04A1E074B03EB8202C266B6
:102A9000054A403202674A1E01239340436770474C
:102AA000085402580059025800090240014600200B
:102AB0008A69D2B98A6A32B1012A0DD0022A03D0BA
:102AC000032A10D10EE000BFCA6A02F08072B2F190
:102AD000807F00D1012007E0CA6AB2F1C07F00D137
:102AE000012001E000E000BF36E08A69B2F5005F36
:102AF0001BD18A6A32B1012A07D0022A03D0032AE5
:102B000011D10AE000BF01200EE0CA6A02F0807213
:102B1000B2F1807F00D1012006E0CA6AB2F1C07F25
:102B200000D1012000E000BF16E08A6A32B1012A1C
:102B300005D0022A04D0032A0CD103E000BF00BF55
:102B4000012008E0CA6A02F08072B2F1807F00D1F1
:102B5000012000E000BF00BF7047000008B5084832
:102B600040680090074900980968884204D20648E6
:102B70000068401C0449086002490098086008BDCC
:102B8000001000E058030024540300240C49486856
:102B9000F0EE400A00BF0A494968091A01EE101A0E
:102BA000F8EE411A074991ED001AB8EE411A20EEED
:102BB000811AF4EEC11AF1EE10FAECD3704700005E
:102BC000001000E04803002410B52DED028B82B008
:102BD00004460E484068019020680199081A00EEEA
:102BE000100AF8EE400A0A4890ED000AB8EE400AD2
:102BF00080EE801AB0EE418A01982060FFF7AEFFA8
:102C0000B0EE480A02B0BDEC028B10BD001000E02F
:102C10004803002410B52DED028B00F059F80F4841
:102C200090ED000AB8EE400A808800EE900AF8EEB7
:102C3000600A9FED0B1A00EE810A0848C08800EE7A
:102C4000900AF8EE600A9FED071A00EE810AB0EED6
:102C5000408AB0EE480ABDEC028B10BD4003002450
:102C60006F12833ABD3786351249096841F0807189
:102C7000104A11600021104A51601146096841F064
:102C8000010111600D4941430D4A11601146096867
:102C90004FF47A72B1FBF2F10A4A116008490968EF
:102CA000064AB1FBF2F1084A11600021074A11609F
:102CB00070470000FCED00E0001000E040420F0013
:102CC000480300244C030024500300245403002430
:102CD00038B5294840680090FFF740FF2748006852
:102CE0004FF0FF31A0FB01310098181841F10001AD
:102CF000234A03C2234800232149026803C9FDF780
:102D000061FB214A03C220480CC81E480068002409
:102D1000A2FB001503FB005002FB04021848D0E997
:102D20000030591A60EB0200184AC2E90010164838
:102D3000006817490860174800231449026803C94E
:102D4000FDF740FB124988800846808811490968D0
:102D500041430E48D0E90030591A60F100000E4A94
:102D6000C2E900100D4800230B49026803C9FDF7B2
:102D700029FB0749C88038BD001000E05403002437
:102D80006003002448030024680300247003002427
:102D9000400300244C030024780300245003002443
:102DA0007047D2ED020A92ED021AB6EE000A00EE6A
:102DB000C10AD2ED030A92ED031A00EEC10AD0ED6A
:102DC000000A20EE200AD2ED010A92ED021A60EE0E
:102DD000810A92ED001AD2ED031A41EE210A90ED1C
:102DE000011A00EE810AD2ED010A92ED031A60EE9B
:102DF000810A92ED001AD2ED021A41EE610A90EDBD
:102E0000021A00EE810AF0EE000A20EE200A81ED9F
:102E1000000A92ED010AD2ED020A20EE200AD2ED5C
:102E2000000A92ED031A00EEC10AD0ED000A60EE2E
:102E3000200A92ED011AD2ED011AB6EE000A01EE57
:102E4000610AD2ED031A92ED032AB0EE401A01EEA8
:102E5000C21AD0ED011AB0EE600A01EE210AD2EDDD
:102E6000020A92ED031A60EE810A92ED001AD2ED89
:102E7000011A41EE210A90ED021A00EE810AF0EEED
:102E8000000A20EE200A81ED010A92ED010AD2ED3E
:102E9000030A20EE200AD2ED000A92ED021A00EE9B
:102EA000810AD0ED000A20EE200AD2ED020A92ED4E
:102EB000031A60EE810A92ED001AD2ED011A41EE7A
:102EC000610A90ED011A00EE810A92ED011AD2ED2D
:102ED000011AF6EE000A41EE610A92ED021AD2EDF5
:102EE000021A41EE610A90ED021A00EE810AF0EE3C
:102EF000000A20EE200A81ED020A704772B600BF78
:102F0000FEE7000000B589B0002001900290022089
:102F100003900120049000200590069001A910481C
:102F200001F0D3FE08B1FFF7E9FF002003460222BB
:102F3000114600900A4801F01CFF08B1FFF7DEFFC0
:102F400000220121064801F023FE08B1FFF7D6FF59
:102F5000034802F0D9FC08B1FFF7D0FF09B000BD6B
:102F60008C03002410B5024802F01CF810BD0000CC
:102F70008C03002400B589B000200190012002904C
:102F800002200390049000200590069001A91048AB
:102F900001F09BFE08B1FFF7B1FF002003460222BB
:102FA000114600900A4801F0E4FE08B1FFF7A6FFC1
:102FB00000221021064801F0EBFD08B1FFF79EFF4B
:102FC000034802F0A1FC08B1FFF798FF09B000BD6B
:102FD0002C04002410B5024801F0E4FF10BD0000ED
:102FE0002C04002410B5024801F0DCFF10BD0000E5
:102FF000CC04002410B501464A6B0868D0F8840060
:103000004FF6FC74A04340EA82000C68C4F88400C8
:103010000868D0F8840020F47F04088F44EA004058
:103020000C68C4F88400886B02440868D0F88800F3
:103030004FF6FC74A04340EA82000C68C4F8880094
:103040000868D0F8880020F4FE04888F44EA004025
:103050000C68C4F88800C86B02EB40020868D0F81E
:10306000A0004FF6FC74A04340EA82000C68C4F84C
:10307000A0000868D0F8A00020F4FE044020405AC8
:1030800044EA00400C68C4F8A000D1E9104004FBF9
:1030900000220868D0F8B0004FF6FC74A04340EA64
:1030A00082000C68C4F8B0000868D0F8B00020F4C2
:1030B000FE04B1F8480044EA00400C68C4F8B000CF
:1030C000D1E9124004FB00220868D0F8AC004FF6AA
:1030D000FC74A04340EA82000C68C4F8AC00D1E95B
:1030E000144004FB00220868D0F8F0004FF6FC748E
:1030F000A04340EA82000C68C4F8F0000868D0F8E9
:10310000F00020F47C14B1F8580044EA00400C6848
:10311000C4F8F000886D02EB40020868D0F8C000E7
:103120004FF6FC74A04340EA82000C68C4F8C0006B
:103130000868D0F8C00020F47C14B1F85C0044EAC0
:1031400000400C68C4F8C0000868D0F8C00020F047
:103150007C5491F8600044EA00600C68C4F8C00038
:103160002A4C486B04EB8000C866CC6E886B04EB7D
:1031700080040C670C6FC86B04EBC0044C67D1E98A
:10318000100460434C6F04EB80048C67D1E9120497
:1031900060438C6F04EB8004CC67D1E91404604376
:1031A000CC6F04EB8004802044504458886D04EBBD
:1031B000C004842044508C6EC86D604384246458DD
:1031C00004EB8004882044508C6E086E6043882491
:1031D000645804EB80049020445040580C4CA042AA
:1031E00009D99831486840F020004860032001F870
:1031F0009809012010BDCB6E02E0002018601B1D55
:10320000902040589842F8D80020F3E700AC0040E6
:10321000FCD300402DE9F041054614461E46D1F886
:1032200004C0BCF1000F0AD1D1F810C0D1F8088059
:103230004CEA080CB1F800804CEA88430BE0D1F866
:1032400010C04CF0804CD1F808804CEA080CD1F842
:1032500000804CEA080391F82080D1F81CC04CEAA9
:10326000086CD1F818804CEA080CD1F814804CEAAC
:10327000080CD1F80C804CEA0807D5F868C00CFBA4
:1032800006FCD5F8848008EB8C021360121D1760D1
:10329000121D002019E000F1030C14F80CC04FEAD5
:1032A0000C6800F1020C14F80CC048EA0C4800F15C
:1032B000010C14F80CC048EA0C2C14F800804CEAFD
:1032C000080CC2F800C0121D001DDFF81880D1F8EC
:1032D0000CC008EB1C4C9CF800C08445DBD8BDE852
:1032E000F0810000E42801082DE9F041044602F0D5
:1032F00035FC804614B90120BDE8F08194F8350012
:10330000022808D08020606500BF002084F83400C7
:1033100000BF0120F0E7FE492068884249D0FC49FF
:1033200018312068884244D0F949303120688842F9
:103330003FD0F7494831206888423AD0F44960319B
:103340002068884235D0F24978312068884230D0F0
:10335000EF499031206888422BD0ED49A831206890
:10336000884226D0EB492068884222D0E9491831AA
:10337000206888421DD0E74930312068884218D043
:10338000E44948312068884213D0E249603120681E
:1033900088420ED0DF4978312068884209D0DD4963
:1033A00090312068884204D0DA49A83120688842E8
:1033B00001D1012000E0002068B12068006820F001
:1033C0001E00216808602068406920F080002168A4
:1033D0004861256806E02068006820F00E0021683A
:1033E00008602568CA492068884270D0C8491831E9
:1033F000206888426BD0C64930312068884266D048
:10340000C34948312068884261D0C1496031206891
:1034100088425CD0BE4978312068884257D0BC4988
:1034200090312068884252D0B949A831206888423A
:103430004DD0B8492068884249D0B6491831206833
:10344000884244D0B3493031206888423FD0B149E6
:103450004831206888423AD0AE49603120688842BD
:1034600035D0AC4978312068884230D0A9499031B4
:10347000206888422BD0A749A8312068884226D0EE
:10348000A5492068884222D0A34914312068884287
:103490001DD0A14928312068884218D09E493C316E
:1034A0002068884213D09C495031206888420ED051
:1034B000994964312068884209D097497831206859
:1034C000884204D094498C312068884201D101207F
:1034D00000E0002028B1206E006820F48070216E8A
:1034E00008608B492068884249D089491831206892
:1034F000884244D086493031206888423FD0844990
:103500004831206888423AD0814960312068884239
:1035100035D07F4978312068884230D07C4990315D
:10352000206888422BD07A49A8312068884226D06A
:1035300078492068884222D076491831206888422C
:103540001DD0744930312068884218D07149483103
:103550002068884213D06F496031206888420ED0BD
:103560006C4978312068884209D06A4990312068D6
:10357000884204D06749A8312068884206D1206873
:10358000006820F001002168086005E020680068FC
:1035900020F001002168086011E002F0DFFAA0EBE2
:1035A000080005280BD920206065032084F8350029
:1035B00000BF002084F8340000BF01209CE628688A
:1035C00000F001000028E8D151492068884249D024
:1035D0004F4918312068884244D04D493031206825
:1035E00088423FD04A494831206888423AD0484909
:1035F00060312068884235D045497831206888425A
:1036000030D043499031206888422BD04049A831BE
:103610002068884226D03F492068884222D03D4910
:103620001831206888421DD03A49303120688842DC
:1036300018D0384948312068884213D03549603164
:10364000206888420ED0334978312068884209D0FA
:10365000304990312068884204D02E49A831206832
:10366000884201D1012000E0002040B1A66D94F80D
:103670005C0000F01F013F208840B06007E0A76DAC
:1036800094F85C0000F01F01012088407860204918
:103690002068884276D01E4918312068884271D04F
:1036A0001B493031206888426CD019494831206864
:1036B000884267D0164960312068884262D0144938
:1036C0007831206888425DD0114990312068884265
:1036D00058D00F49A8312068884253D00D4920683E
:1036E00088424FD00B491831206888424AD0094996
:1036F00030312068884245D00649483120688842E8
:1037000040D004496031206888423BD0014905E03F
:10371000100002401004024008540258783120681A
:1037200088422FD02549206888422BD02349183160
:103730002068884226D022492068884222D0204929
:103740001431206888421DD01D49283120688842E4
:1037500018D01B493C312068884213D01849503199
:10376000206888420ED0164964312068884209D00A
:10377000134978312068884204D011498C3120687F
:10378000884201D1012000E0002068B1D4E919107D
:103790004860E06E40B1E06E006820F48070E16E39
:1037A0000860D4E91C104860012084F8350000BF8F
:1037B000002084F8340000BF00BF9DE5A004024053
:1037C0000854025870B504460CB9012070BD94F835
:1037D0003500022803D0802060650120F6E7DC492F
:1037E0002068884249D0DA4918312068884244D09C
:1037F000D7493031206888423FD0D54948312068C8
:1038000088423AD0D24960312068884235D0D049C8
:1038100078312068884230D0CD4990312068884284
:103820002BD0CB49A8312068884226D0C9492068CE
:10383000884222D0C7491831206888421DD0C54926
:1038400030312068884218D0C24948312068884207
:1038500013D0C0496031206888420ED0BD4978310C
:103860002068884209D0BB4990312068884204D042
:10387000B849A8312068884201D1012000E0002029
:10388000F0B3042084F83500B149206888424BD059
:10389000AF4918312068884246D0AD4930312068A0
:1038A000884241D0AA494831206888423CD0A84982
:1038B00060312068884237D0A54978312068884235
:1038C00032D0A3499031206888422DD0A049A83138
:1038D0002068884228D09F492068884224D09D498A
:1038E0001831206888421FD09A49303120688842B8
:1038F0001AD0984948312068884215D0954900E08F
:1039000020E06031206888420ED0924978312068EA
:10391000884209D08F4990312068884204D08D496F
:10392000A8312068884206D12068006820F0010094
:103930002168086009E12068006820F00100216822
:10394000086002E12068006820F00E00216808602D
:103950007F492068884249D07D49183120688842D3
:1039600044D07B493031206888423FD07849483183
:10397000206888423AD0764960312068884235D044
:10398000734978312068884230D07149903120687D
:1039900088422BD06E49A8312068884226D06D49D4
:1039A0002068884222D06B491831206888421DD097
:1039B000684930312068884218D06649483120680B
:1039C000884213D063496031206888420ED0614933
:1039D00078312068884209D05E4990312068884259
:1039E00004D05C49A8312068884206D1206800686C
:1039F00020F001002168086005E02068006820F0E0
:103A000001002168086052492068884270D05049FE
:103A10001831206888426BD04D4930312068884287
:103A200066D04B4948312068884261D048496031AE
:103A3000206888425CD0464978312068884257D057
:103A4000434990312068884252D04149A8312068CA
:103A500088424DD03F492068884249D03D491831BD
:103A60002068884244D03B493031206888423FD0AA
:103A700038494831206888423AD036496031206858
:103A8000884235D0334978312068884230D0314976
:103A90009031206888422BD02E49A8312068884276
:103AA00026D02D492068884222D02B491431206825
:103AB00088421DD0284928312068884218D02649DC
:103AC0003C312068884213D0234950312068884215
:103AD0000ED0214964312068884209D01E497831CE
:103AE0002068884204D01C498C312068884201D16A
:103AF000012000E00020D8B1206E006820F4807022
:103B0000216E0860A56D94F85C0000F01F01012093
:103B100088406860D4E919104860E06E40B1E06EFA
:103B2000006820F48070E16E0860D4E91C104860E1
:103B3000012084F8350000BF002084F8340000BF65
:103B4000206D10B12046216D884700203EE6000020
:103B50001000024010040240085402582DE9F84FAA
:103B6000044600200090FE4800684FF41651B0FB58
:103B7000F1FAA66DD4F858803768D8F80090F94962
:103B80002068884249D0F74918312068884244D0DB
:103B9000F4493031206888423FD0F24948312068EA
:103BA00088423AD0EF4960312068884235D0ED49EB
:103BB00078312068884230D0EA49903120688842C4
:103BC0002BD0E849A8312068884226D0E6492068F1
:103BD000884222D0E4491831206888421DD0E24949
:103BE00030312068884218D0DF4948312068884247
:103BF00013D0DD496031206888420ED0DA4978312F
:103C00002068884209D0D84990312068884204D081
:103C1000D549A8312068884201D1012000E0002068
:103C200000287DD094F85C0000F01F010820884037
:103C30003840002868D0CB492068884249D0C9491B
:103C400018312068884244D0C64930312068884203
:103C50003FD0C4494831206888423AD0C1496031D8
:103C60002068884235D0BF4978312068884230D0FA
:103C7000BC499031206888422BD0BA49A8312068CD
:103C8000884226D0B8492068884222D0B6491831E7
:103C9000206888421DD0B44930312068884218D04D
:103CA000B14948312068884213D0AF49603120685B
:103CB00088420ED0AC4978312068884209D0AA49A0
:103CC00090312068884204D0A749A83120688842F2
:103CD00004D12068006800F0040003E02068006858
:103CE00000F0080080B12068006820F0040021681E
:103CF000086094F85C0000F01F0108208840B06064
:103D0000606D40F00100606594F85C0000F01F01F8
:103D1000012088403840E8B392492068884200E09A
:103D2000B7E24BD08F4918312068884246D08D4980
:103D300030312068884241D08A4948312068884221
:103D40003CD0884960312068884237D08549783135
:103D50002068884232D083499031206888422DD033
:103D60008049A8312068884228D07F49206888424D
:103D700024D07D491831206888421FD07A493031DB
:103D8000206888421AD0784948312068884215D086
:103D9000754900E026E06031206888420ED0724903
:103DA00078312068884209D06F4990312068884274
:103DB00004D06D49A8312068884204D12068406948
:103DC00000F0800002E020680068002050B194F804
:103DD0005C0000F01F0101208840B060606D40F081
:103DE0000200606594F85C0000F01F010420884028
:103DF0003840E8B35B49206888424BD059491831B4
:103E00002068884246D0574930312068884241D0E6
:103E100054494831206888423CD05249603120687A
:103E2000884237D04F4978312068884232D04D4996
:103E30009031206888422DD04A49A83120688842B4
:103E400028D049492068884224D047491831206841
:103E500088421FD044493031206888421AD04249F4
:103E600048312068884215D03F496031206800E021
:103E700024E088420ED03C4978312068884209D03D
:103E8000394990312068884204D03749A8312068E8
:103E9000884204D12068006800F0020002E0206837
:103EA0000068002050B194F85C0000F01F0104206D
:103EB0008840B060606D40F00400606594F85C007C
:103EC00000F01F01102088403840E8B325492068E1
:103ED000884251D023491831206888424CD021496A
:103EE00030312068884247D01E49483120688842D6
:103EF00042D01C496031206888423DD01949783150
:103F00002068884238D0174990312068884233D0E1
:103F10001449A831206888422ED01349206888426D
:103F20002AD0114918312068884225D00E493031F5
:103F30002068884220D00C494831206888421BD034
:103F400009496031206800E04DE0884214D00649FC
:103F50007831206888420FD003499031206805E00D
:103F6000300000241000024010040240884203D0B8
:103F7000FE492068884204D12068006800F00800EB
:103F800003E02068006800F0040060B394F85C006F
:103F900000F01F0110208840B0602068006800F425
:103FA000802080B12068006800F4002028B9206CCF
:103FB000C8B12046216C884715E0A06C98B1204616
:103FC000A16C88470FE02068006800F4807028B971
:103FD0002068006820F0080021680860206C10B19B
:103FE0002046216C884794F85C0000F01F012020D7
:103FF0008840384000287DD0DD492068884249D07B
:10400000DB4918312068884244D0D94930312068D2
:1040100088423FD0D6494831206888423AD0D449B6
:1040200060312068884235D0D14978312068884293
:1040300030D0CF499031206888422BD0CC49A8316C
:104040002068884226D0C949A8392068884221D0F2
:10405000C6499039206888421CD0C4497839206804
:10406000884217D0C14960392068884212D0BF49C0
:104070004839206888420DD0BC49303920688842D0
:1040800008D0BA4918392068884203D0B749206857
:10409000884204D12068006800F0100003E0206826
:1040A000006800F0020028B394F85C0000F01F01E3
:1040B00020208840B06094F8350004282DD1206875
:1040C000006820F01600216808602068406920F030
:1040D000800021684861206C08B9A06C28B1206874
:1040E000006820F008002168086094F85C0000F087
:1040F0001F0100E03FE03F208840B060012084F8CD
:10410000350000BF002084F8340000BF206D10B1DE
:104110002046216D8847BDE8F88F2068006800F4CC
:10412000802080B12068006800F4002028B9606C0D
:1041300008B32046616C88471DE0E06BD8B120468B
:10414000E16B884717E02068006800F4807068B968
:104150002068006820F0100021680860012084F8C1
:10416000350000BF002084F8340000BFE06B10B1C0
:104170002046E16B8847606D00287AD0606D00F0C2
:104180000100E8B3042084F83500794920688842AA
:104190004BD0774918312068884246D07449303175
:1041A0002068884241D072494831206888423CD01A
:1041B0006F4960312068884237D06D497831206876
:1041C000884232D06A499031206888422DD06849AF
:1041D000A8312068884228D06449A83920688842DC
:1041E00023D062499039206888421ED05F497839CF
:1041F0002068884219D05D4960392068884200E013
:1042000040E012D059494839206888420DD05749BA
:1042100030392068884208D05449183920688842CB
:1042200003D052492068884206D12068006820F0F7
:1042300001002168086005E02068006820F00100A6
:104240002168086000BF0098401C0090504500D9CC
:1042500005E02068006800F001000028F3D100BFED
:104260002068006800F0010020B1032084F83500C8
:1042700003E00DE0012084F8350000BF002084F841
:10428000340000BFE06C002802D02046E16C884773
:10429000D9E138492068884222D036491431206853
:1042A00088421DD0334928312068884218D03149CE
:1042B0003C312068884213D02E4950312068884212
:1042C0000ED02C4964312068884209D029497831C0
:1042D0002068884204D027498C312068884201D167
:1042E000012000E000200028D2D02068056894F862
:1042F0005C0000F01F010420884000EA0900D8B3E8
:1043000005F00400C0B394F85C0000F01F01042025
:104310008840C8F8040005F4004080B105F48030FE
:1043200030B9A06C0028B3D02046A16C88478AE140
:10433000206C0028ACD02046216C884783E105F032
:104340002000E8BB0A492068884253D00849183148
:10435000206888424ED0064930312068884249D0D2
:10436000034948312068884244D006E0B80402403E
:1043700010000240085402584FE0B44960312068F0
:10438000884237D0B14978312068884232D0AF496D
:104390009031206888422DD0AC49A83120688842ED
:1043A00028D0AB492068884224D0A9491831206818
:1043B00088421FD0A6493031206888421AD000E0D8
:1043C00025E0A34948312068884213D0A0496031D4
:1043D000206888420ED09E4978312068884209D0F2
:1043E0009B4990312068884204D09949A8312068BF
:1043F000884206D12068006820F008002168086023
:1044000005E02068006820F0040021680860206C46
:1044100010B32046216C884715E194F85C0000F049
:104420001F010220884000EA0900E8B305F00200FD
:10443000D0B394F85C0000F01F0102208840C8F857
:10444000040005F4004070B105F4803028B9606CB8
:1044500010B12046616C8847F5E0E06BF0B3204670
:10446000E16B8847EFE005F02000C0BB774920688A
:1044700088424ED0754918312068884249D0734926
:1044800030312068884244D07049483120688842E1
:104490003FD06E496031206888423AD06B4978310C
:1044A0002068884235D000E04EE0684990312068AD
:1044B00088422ED06549A8312068884229D06449B5
:1044C0002068884225D0624918312068884220D06F
:1044D0005F493031206888421BD001E06EE02DE05A
:1044E0005B4948312068884213D0594960312068BF
:1044F00088420ED0564978312068884209D0544904
:1045000090312068884204D05149A83120688842FF
:1045100006D12068006820F014002168086005E0DA
:104520002068006820F00A0021680860012084F8F3
:10453000350000BF002084F8340000BFE06BE8B312
:104540002046E16B88477EE094F85C0000F01F0194
:104550000820884000EA090080B305F0080068B32D
:104560003A49206888424BD038491831206888423F
:1045700046D0364930312068884241D033494831ED
:10458000206888423CD0314960312068884237D069
:104590002E4978312068884232D02C4990312068E9
:1045A00088422DD02949A8312068884228D028493E
:1045B0002068884224D02649183100E043E0206872
:1045C00088421DD0224930312068884218D02049C5
:1045D00048312068884213D01D49603120688842E4
:1045E0000ED01B4978312068884209D01849903193
:1045F0002068884204D01649A8312068884206D134
:104600002068006820F01C002168086005E0206830
:10461000006820F00E002168086094F85C0000F04B
:104620001F0101208840C8F804000120606584F85B
:10463000350000BF002084F8340000BFE06C10B1EA
:104640002046E16C884700BF65E50000100002408D
:10465000100402402DE9F041044601F07FFA804643
:1046600014B90120BDE8F081FE492068884249D094
:10467000FC4918312068884244D0FA49303120681A
:1046800088423FD0F7494831206888423AD0F549FE
:1046900060312068884235D0F249783120688842FC
:1046A00030D0F0499031206888422BD0ED49A831B4
:1046B0002068884226D0EC492068884222D0EA4906
:1046C0001831206888421DD0E7493031206888427F
:1046D00018D0E54948312068884213D0E24960315A
:1046E000206888420ED0E04978312068884209D09D
:1046F000DD4990312068884204D0DB49A831206828
:10470000884201D1012000E00020002873D0606AB7
:1047100000B100BF022084F8350000BF002084F8FB
:10472000340000BFCF492068884249D0CD491831B4
:104730002068884244D0CB493031206888423FD03D
:10474000C8494831206888423AD0C649603120685B
:10475000884235D0C34978312068884230D0C14979
:104760009031206888422BD0BE49A8312068884209
:1047700026D0BD492068884222D0BB491831206824
:1047800088421DD0B84930312068884218D0B649D7
:1047900048312068884213D0B3496031206888428C
:1047A0000ED0B14978312068884209D0AE499031A5
:1047B0002068884204D0AC49A8312068884206D1DC
:1047C0002068006820F001002168086005E020688A
:1047D000006820F00100216808600DE001F0BEF9DA
:1047E000A0EB0800052807D920206065032084F885
:1047F0003500012036E769E02068006800F001001C
:104800000028EBD12068056898480540D4E90201EA
:1048100008432169084361690843A1690843E169C4
:104820000843216A08430543606A042803D1D4E998
:104830000B01084305436068292802D360682E28CD
:1048400017D960683F2802D36068422811D9606890
:10485000472802D3606848280BD960684F2802D3E4
:104860006068522805D96068742804D36068772886
:1048700001D8012000E0002008B145F4801520682F
:1048800005602068456925F00705606A0543606A90
:1048900004280DD1A06A0543E06A48B12046FEF71E
:1048A00005F928B140206065012084F83500D9E67B
:1048B000206845612046FDF7D5FF064694F85C0068
:1048C00000F01F013F208840B0609EE068492068EA
:1048D000884222D066491431206888421DD064493C
:1048E00028312068884218D061493C3120688842CC
:1048F00013D05F495031206888420ED05C49643142
:104900002068884209D05A4978312068884204D00A
:1049100057498C312068884201D1012000E00020F5
:10492000E0B353492068884222D0514914312068AD
:1049300088421DD04E4928312068884218D04C4901
:104940003C312068884213D0494950312068884260
:104950000ED0474964312068884209D044497831F3
:104960002068884204D042498C312068884201D1B5
:10497000012000E0002000B100BF022084F83500D3
:1049800000BF002084F8340000BF20680568394863
:104990000540A068402802D1102106E02EE0A06862
:1049A000802801D1C10100E00021E06841EAD00186
:1049B000206941EAD001606941EAD001A06941EA79
:1049C000D001E06941EAD001206A41EA10100543B4
:1049D0002068056026492068401A1421B0FBF1F0D8
:1049E0008000E0652046FDF73DFF074694F85C0037
:1049F00000F01F0101208840786006E040206065DB
:104A0000032084F8350001202CE6164920688842EE
:104A10007AD0144918312068884275D01149303154
:104A20002068884270D00F494831206888426BD096
:104A30000C4960312068884266D00A497831206884
:104A4000884261D007499031206888425CD005498E
:104A5000A8312068884257D003492068884253D043
:104A6000014909E010000240100402403F8010FE9E
:104A7000085402580F00FEFF18312068884243D0C6
:104A80003749206888423FD035491831206888422C
:104A90003AD0334930312068884235D030494831E6
:104AA0002068884230D02E496031206888422BD05F
:104AB0002B4978312068884226D02A4920688842CC
:104AC00022D028491431206888421DD02549283138
:104AD0002068884218D023493C312068884213D08E
:104AE00020495031206888420ED01E496431206828
:104AF000884209D01B4978312068884204D019497E
:104B00008C312068884201D1012000E0002000B3F0
:104B10002046FDF71DFFA068802801D100206060BD
:104B20002079216E0860D4E919104860606860B18E
:104B30006068082809D82046FDF76CFF0020E16E68
:104B40000860D4E91C10486003E00020E06620679C
:104B5000606700206065012084F83500002081E551
:104B6000400402400854025870B5044600F0F6FFB5
:104B700006462546681C10B104480078054400BF6D
:104B800000F0ECFF801BA842FAD370BD2C0000247B
:104B900030B5034693F89840012C01D0022C3ED149
:104BA0001868806D084030B91868C06D40F0010089
:104BB0001D68E8650EE01868806D0840884206D1DF
:104BC0001868C06D40F002001D68E86502E003202F
:104BD0001D68E86501F4007030B11868D0F8E00095
:104BE00010431D68C5F8E00001F4806030B118681A
:104BF000D0F8E40010431D68C5F8E40000BF186851
:104C0000406D0B4D0D4028431D68686509480068DC
:104C100040EA9170074D286000BF002030BDD3F8F6
:104C20009C0040F00200C3F89C000120F6E7000061
:104C3000FFFFCF3F14A800402DE9F04104460E4687
:104C40001746706800B900E000BF94F89800022889
:104C500032D12068D0F8C00000F07C5040B9D4F8C0
:104C60009C0040F02000C4F89C000120BDE8F081C9
:104C70002068D0F8C40000F4001038B1D4F89C00CB
:104C800040F40070C4F89C000120EFE72068D0F8E1
:104C9000C400C0F304452B463A4631462046FEF791
:104CA000B9FA0120A8402168C1F8D0000120A8402D
:104CB000C4F894000020D9E7D4F89C0040F0080024
:104CC000C4F89C000120D1E77047F0B5024692F885
:104CD0009860012E01D0022E43D1C868072800D168
:104CE00000BF086818BBC868072800D000BFC868A4
:104CF00007280BD1088A4FF0605747EA0040CF6978
:104D000040EA07208F6940EA07040AE0087A800732
:104D10000F7B40EAC7600F8A40EA07404F6940EACC
:104D20000704D76E486807EB80031C6017E0C8686B
:104D3000072800D000BF0F7B086940EA4774C868A5
:104D4000072801D18D6903E00F7A486940EA877529
:104D5000176F486807EBC0031C601B1D1D60002017
:104D6000F0BDD2F89C0040F00200C2F89C00012087
:104D7000F6E770B50446049D94F8980001280AD11E
:104D8000080140EA820040EA430028432668C6F84A
:104D90008000002070BDD4F89C0040F00400C4F8EE
:104DA0009C000120F6E77047704700002DE9F043B2
:104DB00004460D469C46002394F89880B8F1020FF3
:104DC00074D1402D38D12068D0F8A00000F4FE0046
:104DD00040B9D4F89C0040F02000C4F89C000120A9
:104DE000BDE8F0832068D0F8A40000F07F0038B957
:104DF000D4F89C0040F48070C4F89C000120EFE7D8
:104E00002068D0F8A400C0F3006040B12068D0F85A
:104E1000A0004FF00049B9EBD07F00D101232068FA
:104E2000D0F8A400C0F305200344606C5843D4F8C4
:104E3000749009EB80014BE0412D38D12068D0F807
:104E4000B00000F4FE0038B9D4F89C0040F0200017
:104E5000C4F89C000120C3E72068D0F8B40000F03B
:104E60007F0038B9D4F89C0040F48070C4F89C00EE
:104E70000120B5E72068D0F8B400C0F3006040B16D
:104E80002068D0F8B0004FF00049B9EBD07F00D1D6
:104E900001232068D0F8B400C0F305200344E06C7F
:104EA0005843D4F8789009EB800111E06EE0206D52
:104EB000A84207D8D4F89C0040F02000C4F89C0019
:104EC00001208DE7606D6843D4F87C9009EB800188
:104ED000086800F080405060506820B90868C0F34E
:104EE0008A40106003E0086820F0604010600868A5
:104EF00000F000509060086800F000401061091D4B
:104F0000088880B2D061086800F47020D06008681A
:104F100000F480105061086800F400109061086887
:104F2000C0F3066010620868C00F5062091D0F468A
:104F3000002603E0B85D0CF80600761CDFF85C90F4
:104F4000D06809EB10400078B042F3D8402D03D16F
:104F50002068C0F8A83017E0412D03D12068C0F8C0
:104F6000B83011E0202D06D20120A840D4F80090DE
:104F7000C9F8980008E005F01F09012000FA09F0BF
:104F8000D4F80090C9F89C00002029E7D4F89C00D0
:104F900040F00800C4F89C00012021E7E428010843
:104FA000704700002DE9F04F8DB00446EF480068CF
:104FB0008707EE48001D006807EA80772068006DCB
:104FC00000F470482068406D00EA08082068006D11
:104FD00000F00F092068406D00EA09092068006DA3
:104FE00000F0F00A2068406D00EA0A0A2068006DAF
:104FF00000F0715B2068406D00EA0B0B2068006DCB
:1050000000F060700C902068406D0C9908400C9086
:105010002068456D2068066DC5F3002070B1C6F3A9
:10502000002058B100BF4FF480702168086500204F
:10503000CE49086000BF2046FFF7B2FFC5F38020CD
:10504000C8B1C6F38020B0B12068D0F8DC000A9067
:105050002068D0F8E4000A9908400A9000BF4FF495
:105060008060216808650020C049086000BF2046B4
:105070000A9900F069FC67B100BFBD48384021685B
:105080000865B80FB949086000BF39462046FFF7E8
:105090001BFEB8F1000F0ED000BFB54808EA0000B3
:1050A000216808654FEA9870B049086000BF414622
:1050B000204600F04BFCB9F1000F0ED000BFAC4809
:1050C00009EA0000216808654FEA9970A74908605D
:1050D00000BF4946204600F09BFBBAF1000F0ED0FE
:1050E00000BFA3480AEA0000216808654FEA9A70E9
:1050F0009E49086000BF5146204600F0C7FBC5F33B
:10510000C02070B1C6F3C02058B100BF4FF400609A
:105110002168086500209549086000BF204600F01E
:1051200016FCC5F34020C8B1C6F34020B0B12068DA
:10513000D0F8D8000B902068D0F8E0000B99084018
:105140000B9000BF4FF4007021680865002087496C
:10515000086000BF20460B9900F0F7FBC5F3C04084
:1051600070B1C6F3C04058B100BF4FF400202168B1
:10517000086500207D49086000BF204600F046FB1E
:10518000C5F3004070B1C6F3004058B100BF4FF402
:1051900080302168086500207449086000BF2046FF
:1051A00000F0D1FBC5F3804070B1C6F3804058B128
:1051B00000BF4FF480202168086500206B4908601B
:1051C00000BF204600F0BEFBC5F3404088B1C6F3E7
:1051D000404070B100BF4FF40030216808650020E6
:1051E0006249086000BFD4F89C0040F08000C4F819
:1051F0009C000C9870B100BF5D490C980840216874
:1052000008650C98800F5949086000BF20460C992A
:10521000FFF7CAFDBBF1000F10D000BF54480BEAE6
:105220000000216808654FEA9B705049086000BF84
:10523000D4F89C0040EA0B00C4F89C004D4920685B
:1052400088427DD16068806800F00300002877D034
:105250006068006A00F00F0009906068406A099970
:10526000084009906068006A00F0300008906068AB
:10527000406A0899084008906068006A00F4C070AD
:1052800007906068406A0799084007906068006A64
:1052900000F4FC4006906068406A06990840069059
:1052A0006068006A00F4F02005906068406A059923
:1052B000084005906068406A02906068006A01904A
:1052C000099830B10998616808622046099900F090
:1052D00036FB089830B10898616808622046089942
:1052E00000F02FFB0298C0F38010A0B10198C0F32A
:1052F000801080B16068C06B000C04906068C06B67
:1053000000F03F0003904020616808622046DDE91C
:10531000032100F015FB079830B107986168086217
:105320002046079900F00AFB069840B1069861688C
:105330000862D4F89C0006990843C4F89C0000E079
:105340000AE0059840B1059861680862D4F89C00AD
:1053500005990843C4F89C00D4F89C0010B120467D
:10536000FFF721FD0DB0BDE8F08F000010A8004050
:10537000FFFFCF3F00A0004070B594B004464C2220
:10538000B34901A8FBF74FF814B9012014B070BD60
:10539000B0492068884203D1206800F580706060C1
:1053A000A068B0F5407F00D100BF206C00B100BF05
:1053B000A06C00B100BF206D00B100BF206E00B135
:1053C00000BFD4E91710084400B100BF94F898005A
:1053D00028B9002084F89900204600F03DF92068A3
:1053E000806920F010002168886100F0B7FB054655
:1053F0000EE000F0B3FB401B0A2809D9983460681E
:1054000040F001006060032004F898090120BDE726
:105410002068806900F008000828EAD020688069C8
:1054200040F001002168886100F098FB05460EE01D
:1054300000F094FB401B0A2809D99834606840F0BA
:1054400001006060032004F8980901209EE72068AD
:10545000806900F001000028EAD02068806940F0EF
:10546000020021688861207C012806D120688069BB
:1054700020F040002168886105E02068806940F0E4
:10548000400021688861607C012806D1206880691D
:1054900040F480402168886105E02068806920F43C
:1054A000804021688861A07C012806D1206880693D
:1054B00020F480502168886105E02068806940F40C
:1054C0008050216888612068806920F44070A1685C
:1054D0000843216888612068806920F0A400216861
:1054E00088612068006920F0100021680861E06888
:1054F000012806D12068806940F004002168886195
:1055000020E0E068F0B1E068022815D020688069EA
:1055100040F08000216888612068006940F0100038
:1055200021680861E06803280CD12068806940F098
:1055300020002168886105E02068806940F0200033
:1055400021688861207E401E4106E069401E41EAD4
:105550000020216A491E0843A18A491E40EA0140F1
:105560002168C861A068B0F5407F0FD1A06A401ED5
:10557000E16A491E40EA0121206B401E41EA001108
:10558000A08C401E41EA00402168C860206E38B1FE
:105590002068D0F8C000616E08432168C1F8C000DF
:1055A000D4E91710084460B12068D0F8C80020F092
:1055B000070001AAA16E52F8211008432168C1F822
:1055C000C800206C60B12068D0F8BC0020F0070053
:1055D00001AA616C52F8211008432168C1F8BC008F
:1055E000A06C68B12068D0F8BC0020F0700101AA5E
:1055F000E06C52F8200041EA00102168C1F8BC00BC
:10560000206D68B12068D0F8BC0020F4E06101AAE8
:10561000606D52F8200041EA00202168C1F8BC000A
:105620000C492068884205D16068806820F003003A
:1056300061688860002044F8940FA0600120207108
:10564000943C2046FDF7D6FC064630469EE6000018
:10565000F428010800A0004010B586B004461421CB
:1056600001A8FAF7F9FE6249206888423CD16148F6
:105670000068401C5F4908600846006801280DD199
:1056800000BF5D48006840F480705B4908600846D0
:10569000006800F48070009000BF00BF00BF564853
:1056A0000C38006840F0080053490C39086008467F
:1056B000006800F00800009000BF00BF03200190C8
:1056C000022002900020039004900920059001A977
:1056D0004A4800F03DF900220621132000F0FCFAB0
:1056E000132000F0E5FA81E04549206888423CD16A
:1056F00040480068401C3F4908600846006801288F
:105700000DD100BF3C48006840F480703A49086001
:105710000846006800F48070009000BF00BF00BF22
:1057200035480C38006840F0020033490C390860F5
:105730000846006800F00200009000BF00BF602033
:10574000019002200290002003900490092005900F
:1057500001A92C4800F0FCF800220521142000F0DB
:10576000BBFA142000F0A4FA40E0274920688842E0
:105770003CD120480068401C1E490860084600686B
:1057800001280DD100BF1C48006840F480701A4900
:1057900008600846006800F48070009000BF00BFF9
:1057A00000BF15480C38006840F0080012490C3959
:1057B00008600846006800F00800009000BF00BFC5
:1057C0004FF440500190022002900020039004907A
:1057D0000520059001A9094800F0BAF8002205212A
:1057E0009F2000F079FA9F2000F062FA06B010BD09
:1057F00000A000401C000024EC440258000C025899
:1058000000A400400004025800D40040704700008B
:1058100070B504460D4605F0010070B317492068C5
:1058200088422AD140211648FAF716FE144B154A31
:1058300040212046FFF7BAFA1248006898B10328C1
:1058400002D0042817D106E00E480D49C2680E4860
:105850000AF0F6F810E00B480949C2680A483830E7
:105860000AF0EEF808E007480549C2680648E0304B
:105870000AF034F900E000BF00BF70BD00A0004096
:1058800018890024F08800246884002470B5044638
:105890000D4605F0100070B31749206888422AD1E0
:1058A00040211648FAF7D8FD144B154A41212046ED
:1058B000FFF77CFA1248006898B1032802D0042848
:1058C00017D106E00E480D49C2680E480AF0B8F834
:1058D00010E00B480949C2680A4838300AF0B0F8AD
:1058E00008E007480549C2680648AC300AF0F6F8F7
:1058F00000E000BF00BF70BD00A40040808900240C
:1059000058890024D8840024014691F89800012881
:105910000CD1022081F898000868806920F001000D
:105920000A6890610020C1F89C007047D1F89C0083
:1059300040F00400C1F89C000120F6E77047704772
:10594000704770477047704770477047704770479F
:10595000F8B502460B4600216D4DD2E001278F407D
:105960001E6806EA0704002C72D01E7906F00306B2
:10597000012E04D01E7906F00306022E13D1906882
:105980004F000326BE40B0434F00DE68BE403043A8
:105990009060506801268E40B0431E79C6F3001611
:1059A0008E40304350601E7906F00306032E09D066
:1059B000D0684F000326BE40B0434F009E68BE40F3
:1059C0003043D0601E7906F00306022E13D1CF08B3
:1059D00002F1200656F827004E07F70E0F26BE40AC
:1059E000B0434F07FF0E1E69BE403043CF0802F19F
:1059F000200646F8270010684F000326BE40B0433B
:105A00001E7906F003064F00BE40304310605E680A
:105A100006F44036002E73D000BF3E4E366846F086
:105A200002063C4F3E603E46366806F0020600968F
:105A300000BF00BF384E8F0856F827008E07370F7B
:105A40000F26BE40B043354EB24202D1002629E0B7
:105A500056E0334EB24201D1012623E0314EB2422C
:105A600001D102261EE0304EB24201D1032619E0D8
:105A70002E4EB24201D1042614E02D4EB24201D185
:105A800005260FE02B4EB24201D106260AE02A4E2F
:105A9000B24201D1072605E0284EB24201D10926C3
:105AA00000E00A268F073F0FBE4030431A4E8F0892
:105AB00046F827004FF0B0463068A0435E6806F411
:105AC000801606B120434FF0B04630607068A043A6
:105AD0005E6806F4001606B120434FF0B0467060D1
:105AE0006868A0435E6806F4003606B1204368602B
:105AF0002868A0435E6806F4803606B1204328601B
:105B0000491C1E68CE40002E7FF428AFF8BD00006F
:105B100080000058F444025808040058000002585D
:105B20000004025800080258000C025800100258E5
:105B30000014025800180258001C02580024025891
:105B4000024613690B400BB1012000E000207047B2
:105B50000AB1816101E00B0483617047014800686C
:105B600070470000240000240348006803490978B6
:105B70000844014908607047240000242C000024D8
:105B800010B5032000F0E6F801F0DEFB10490968CB
:105B9000C1F303210F4A515C01F01F0120FA01F407
:105BA0000B48006800F00F001146085C00F01F0071
:105BB00024FA00F008490860084804600F2000F04B
:105BC0000FF808B1012010BD00F05AF80020FAE7E4
:105BD00018440258682901083400002430000024C9
:105BE000F0B58BB00446102C0AD2002221461C20AE
:105BF00000F072F81C2000F05BF81D48046002E021
:105C000001200BB0F0BD00BF1A48006840F0010051
:105C1000184908600846006800F00100019000BFC4
:105C200000BF02A903A801F00FFB089E1EB901F0F6
:105C300067FB054602E001F063FB45000E48B5FB3B
:105C4000F0F0471E4FF080400C49086040F2E73109
:105C50000A48C160476000210161816002F012FDC5
:105C600018B9064802F046FDCBE70120C9E700005D
:105C700028000024E844025840420F001008002485
:105C800008B500BF0948006840F0020007490860F5
:105C90000846006800F00200009000BF00BF00222C
:105CA0000F21901E00F018F808BD0000F4440258BF
:105CB0000146084600280DDB00BF00BF00F01F03AF
:105CC00001229A4043099B0003F1E023C3F800211D
:105CD00000BF00BF00BF70472DE9F05F80460D4652
:105CE000164608F021FB074639462A46334601F09E
:105CF0000700C0F1070ABAF1040F02D94FF0040AF5
:105D000001E0C0F1070AD14600F1040ABAF1070F19
:105D100002D24FF0000A01E0A0F1030AD4464FF08E
:105D2000010A0AFA09FAAAF1010A0AEA020A0AFAB7
:105D30000CFA4FF0010B0BFA0CFBABF1010B0BEA69
:105D4000030B4AEA0B042146404608F0F5FABDE889
:105D5000F09F000000BF00F00702064B19684FF6E5
:105D6000FF031940044B0B4343EA0221014B196026
:105D700000BF70470CED00E00000FA0570B5044666
:105D800015480068C0F3800048B91348006800F067
:105D90000700A04201D0012070BD0020FCE70E48A2
:105DA000006820F0070020430B490860FFF7D6FE8B
:105DB000054607E0FFF7D2FE401BB0F57A7F01D918
:105DC0000120E9E7044808380068C0F340300028A3
:105DD000F0D00020E0E700000C48025810B501F0B8
:105DE00069FA05490968C1F30211044A515C01F0DE
:105DF0001F01C84010BD0000204402586829010856
:105E000070B50146844D2D6805F00303824D2D6861
:105E1000C5F30530804D2D1D2D68C5F300147E4D52
:105E200014352D68C5F3CC0515FB04F501EE105AA9
:105E3000B8EE411AF0EE410A00286FD023B1012BD1
:105E40004ED0022B6BD16BE0734D283D2D68C5F30E
:105E500040153DB3704D283D2D68C5F3C1066F4D0B
:105E600025FA06F201EE102AF8EE411A01EE100AA8
:105E7000B8EE411A81EE812A9FED691AC0EE811AAF
:105E8000654D10352D68C5F3080501EE105AB8EEC2
:105E9000411A31EE811AF7EE001A31EE211A22EE84
:105EA000010A1CE001EE100AB8EE411ADFED5D1A9E
:105EB00081EE812A9FED5A1AC0EE811A564D103597
:105EC0002D68C5F3080501EE105AB8EE411A31EEFF
:105ED000811AF7EE001A31EE211A22EE010A5BE078
:105EE00001EE100AB8EE411ADFED4F1A81EE812A59
:105EF0009FED4B1AC0EE811A474D10352D68C5F342
:105F0000080501EE105AB8EE411A31EE811AF7EE8B
:105F1000001A31EE211A22EE010A3DE077E01DE081
:105F200001EE100AB8EE411A9FED402AC2EE011AA6
:105F30009FED3B1A80EE812A374D10352D68C5F351
:105F4000080501EE105AB8EE411A32EE011AB7EE0A
:105F5000002A31EE021A21EE810A1DE001EE100A3C
:105F6000B8EE411ADFED301A81EE812A9FED2C1A2E
:105F7000C0EE811A284D10352D68C5F3080501EED5
:105F8000105AB8EE411A31EE811AF7EE001A31EECE
:105F9000211A22EE010A00BF00BF1F4D10352D68E7
:105FA000C5F3462501EE105AB8EE411AF7EE001A75
:105FB00031EE211AC0EE011ABCEEE11A81ED001A91
:105FC000154D10352D68C5F3064501EE105AB8EE93
:105FD000411AF7EE001A31EE211AC0EE011ABCEE9A
:105FE000E11A81ED011A0C4D10352D68C5F30665D7
:105FF00001EE105AB8EE411AF7EE001A31EE211AEE
:10600000C0EE011ABCEEE11A81ED021A03E0002590
:106010000D604D608D6070BD284402580090D00323
:10602000000000460024744C0024744A001BB74B47
:1060300070B50146844D2D6805F00303824D2D682F
:10604000C5F30550804D2D1D2D68C5F300247E4DF0
:106050001C352D68C5F3CC0515FB04F501EE105A6F
:10606000B8EE411AF0EE410A00286FD023B1012B9F
:106070004ED0022B6BD16BE0734D283D2D68C5F3DC
:1060800040153DB3704D283D2D68C5F3C1066F4DD9
:1060900025FA06F201EE102AF8EE411A01EE100A76
:1060A000B8EE411A81EE812A9FED691AC0EE811A7D
:1060B000654D18352D68C5F3080501EE105AB8EE88
:1060C000411A31EE811AF7EE001A31EE211A22EE52
:1060D000010A1CE001EE100AB8EE411ADFED5D1A6C
:1060E00081EE812A9FED5A1AC0EE811A564D18355D
:1060F0002D68C5F3080501EE105AB8EE411A31EECD
:10610000811AF7EE001A31EE211A22EE010A5BE045
:1061100001EE100AB8EE411ADFED4F1A81EE812A26
:106120009FED4B1AC0EE811A474D18352D68C5F307
:10613000080501EE105AB8EE411A31EE811AF7EE59
:10614000001A31EE211A22EE010A3DE077E01DE04F
:1061500001EE100AB8EE411A9FED402AC2EE011A74
:106160009FED3B1A80EE812A374D18352D68C5F317
:10617000080501EE105AB8EE411A32EE011AB7EED8
:10618000002A31EE021A21EE810A1DE001EE100A0A
:10619000B8EE411ADFED301A81EE812A9FED2C1AFC
:1061A000C0EE811A284D18352D68C5F3080501EE9B
:1061B000105AB8EE411A31EE811AF7EE001A31EE9C
:1061C000211A22EE010A00BF00BF1F4D18352D68AD
:1061D000C5F3462501EE105AB8EE411AF7EE001A43
:1061E00031EE211AC0EE011ABCEEE11A81ED001A5F
:1061F000154D18352D68C5F3064501EE105AB8EE59
:10620000411AF7EE001A31EE211AC0EE011ABCEE67
:10621000E11A81ED011A0C4D18352D68C5F306659C
:1062200001EE105AB8EE411AF7EE001A31EE211ABB
:10623000C0EE011ABCEEE11A81ED021A03E000255E
:106240000D604D608D6070BD284402580090D003F1
:10625000000000460024744C0024744A001BB74B15
:106260002DE9F04104460025A8464FF00062D4E92C
:10627000001011400020134659404040014331D1E5
:10628000606E48B1B0F5801F0DD0B0F5001F11D081
:10629000B0F5401F16D114E0FE48006840F400300D
:1062A000FC49086010E0022104F1080005F0C2FC7E
:1062B000054609E0022104F1280005F06DFD0546C0
:1062C00002E001E0012500BF00BF55B9F1482430CC
:1062D000006820F44010616E0843EE4924310860E4
:1062E00000E0A8464FF48072D4E90010114000206D
:1062F00013465940404001432ED1A06D05281BD2C2
:10630000DFE800F0030A11181900E248006840F4C1
:106310000030E049086011E0002104F1080005F0B8
:1063200089FC05460AE0002104F1280005F034FD4F
:10633000054603E002E001E0012500BF00BF55B9BA
:10634000D4482430006820F00700A16D0843D149EB
:106350002431086000E0A8464FF48062D4E90010C0
:106360001140002013465940404001433DD1D4F82C
:10637000A400B0F5C00F24D007DC68B1B0F5001F51
:1063800011D0B0F5800F1FD114E0B0F5000F19D077
:10639000B0F5200F18D116E0BE48006840F4003078
:1063A000BC49086012E0002104F1080005F042FC3D
:1063B00005460BE0002104F1280005F0EDFC054640
:1063C00004E003E002E001E0012500BF00BF5DB989
:1063D000B0482C30006820F46000D4F8A4100843C2
:1063E000AC492C31086000E0A8464FF40062D4E9C3
:1063F00000011040002113465840494008433DD158
:10640000D4F8A800B0F1407F24D007DC68B1B0F127
:10641000807F11D0B0F1007F1FD114E0B0F1806F08
:1064200019D0B0F1A06F18D116E09A48006840F476
:1064300000309849086012E0002104F1080005F0DE
:10644000F9FB05460BE0002104F1280005F0A4FC4F
:10645000054604E003E002E001E0012500BF00BFC3
:106460005DB98C482C30006820F0E060D4F8A810AA
:10647000084388492C31086000E0A8464FF00073BB
:10648000D4E900101940002059404040014328D170
:10649000E06CA8B1102804D0202809D0302810D1F1
:1064A0000DE07C48006840F400307A4908600AE05A
:1064B000022104F1080005F0BDFB054603E002E0FF
:1064C00001E0012500BF00BF55B9724820300068C7
:1064D00020F03000E16C08436E492031086000E094
:1064E000A8464FF48053D4E90010194000205940C9
:1064F0004040014337D1E06DB0F5005F1AD004DCB5
:1065000050B1B0F5805F1ED10DE0B0F5405F18D0FE
:10651000B0F5804F17D115E05E48006840F40030B8
:106520005C49086011E0002104F1080005F082FBDD
:1065300005460AE0002104F1280005F02DFC05467F
:1065400003E002E001E0012500BF00BF55B951485A
:106550002430006820F4E040E16D08434D492431C7
:10656000086000E0A8464FF40053D4E90010194039
:10657000002059404040014335D1206EB0F5403FE6
:106580001ED007DC68B1B0F5803F0BD0B0F5003FFE
:1065900019D10EE0B0F5802F13D0B0F5A02F12D195
:1065A00010E012E0012104F1080005F043FB05466C
:1065B0000BE0012104F1280005F0EEFB054604E0A4
:1065C00003E002E001E0012500BF00BF55B93148FA
:1065D0002430006820F4E020216E08432D49243146
:1065E000086000E0A8464FF48042D4E90001104062
:1065F0000021134658404940084337D1D4F8AC0035
:10660000B0F1405F1ED007DC68B1B0F1805F0BD005
:10661000B0F1005F19D10EE0B0F1804F13D0B0F1AE
:10662000A04F12D110E012E0012104F1080005F0A2
:1066300001FB05460BE0012104F1280005F0ACFB4D
:10664000054604E003E002E001E0012500BF00BFD1
:106650005DB910482C30006820F0E040D4F8AC1050
:1066600008430C492C31086000E0A8464FF4004371
:10667000D4E90001184000215840494008432AD17C
:10668000E06EB8B1B0F1805F06D0B0F1005F12D11A
:1066900009E000002C440258F948006840F400303A
:1066A000F749086009E0012104F1080005F0C2FA89
:1066B000054602E001E0012500BF00BF55B9F048E2
:1066C0002430006820F04050E16E0843EC4924314A
:1066D000086000E0A8464FF08073D4E9001019402C
:1066E000002059404040014328D1A06CA8B10128A6
:1066F00004D0022809D0032810D10DE0E04800683A
:1067000040F40030DE4908600AE0022104F108008C
:1067100005F090FA054603E002E001E0012500BF24
:1067200000BF55B9D6482030006820F00300A16CA6
:106730000843D3492031086000E0A8464FF48003A5
:10674000D4E90010194000205940404001437DD158
:10675000CC48006840F48070CA490860FFF7FEF931
:10676000064606E0FFF7FAF9801B642801D90325E5
:1067700005E0C448006800F480700028F2D000BF33
:1067800085BBBF484430006800F44070B4F8B010D6
:1067900001F44071884213D0B9484430006820F4B5
:1067A0004077B7484430006840F48030B449443101
:1067B00008600846006820F48030086008460760DA
:1067C000D4F8B000B0F5807F15D1FFF7C7F90646C1
:1067D00009E0FFF7C3F9801B41F28831884202D9F2
:1067E000032507E038E0A64844300068C0F34000C5
:1067F0000028EED000BF55BB00BFB4F8B00000F4D5
:106800004070B0F5407F0ED19D481C38006820F4E0
:106810007C519D4AD4F8B000104041EA10109849CC
:106820001C39086007E096481C38006820F47C504A
:1068300093491C390860924844300068B4F8B0109D
:10684000C1F30B0108438E49443101E005E001E04A
:10685000086002E0A84600E0A8460122D4E9000151
:1068600010400021134658404940084330D1A06FE2
:1068700018281AD005DC48B1082808D0102817D1EC
:106880000CE0202812D0282812D110E012E00121BB
:1068900004F1080005F0CEF905460BE0012104F1F2
:1068A000280005F079FA054604E003E002E001E083
:1068B000012500BF00BF55B971482830006820F09D
:1068C0003800A16F08436E492831086000E0A846EF
:1068D0000223D4E9001019400020594040400143F0
:1068E00029D1606F062816D2DFE800F003040B12EE
:1068F000131412E0012104F1080005F09BF905468C
:106900000BE0012104F1280005F046FA054604E0F9
:1069100003E002E001E0012500BF00BF55B958487F
:106920002830006820F00700616F0843544928317F
:10693000086000E0A8460422D4E9001011400020BD
:1069400013465940404001432BD1D4F8900006280B
:1069500016D2DFE800F003040B12131412E0012139
:1069600004F1080005F066F905460BE0012104F189
:10697000280005F011FA054604E003E002E001E01A
:10698000012500BF00BF5DB93D482C30006820F0F4
:106990000700D4F89010084339492C31086000E012
:1069A000A8462023D4E9000118400021584049405E
:1069B000084337D1D4F88C00B0F1405F1ED007DC1B
:1069C00068B1B0F1805F0BD0B0F1005F19D10EE07B
:1069D000B0F1804F13D0B0F1A04F12D110E012E00F
:1069E000002104F1080005F025F905460BE002211D
:1069F00004F1280005F0D0F9054604E003E002E0C8
:106A000001E0012500BF00BF5DB91D4828300068C6
:106A100020F0E040D4F88C10084319492831086070
:106A200000E0A8464023D4E9001019400020594056
:106A3000404001433CD1D4F89800B0F5406F25D0D8
:106A400007DC68B1B0F5806F0BD0B0F5006F20D1D6
:106A50000EE0B0F5805F1AD0B0F5A05F19D117E055
:106A600019E0002104F1080005F0E4F8054612E001
:106A7000022104F1280005F08FF905460BE0000023
:106A80002C44025800480258FFFCFF0F03E002E0CC
:106A900001E0012500BF00BF4DB9FE48006820F4A9
:106AA000E050D4F898100843FA49086000E0A8467E
:106AB0008023D4E900101940002059404040014390
:106AC00035D1D4F89C00B0F5C04F1ED007DC68B1BA
:106AD000B0F5005F0BD0B0F5804F19D10EE0B0F5E6
:106AE000004F13D0B0F5204F12D110E012E000217A
:106AF00004F1080005F09EF805460BE0022104F1C0
:106B0000280005F049F9054604E003E002E001E051
:106B1000012500BF00BF4DB9DE48006820F4604089
:106B2000D4F89C100843DB49086000E0A84608231D
:106B3000D4E900011840002158404940084317D1CA
:106B4000D4F88000B0F5805F07D1022104F128005D
:106B500005F022F908B14FF00108CE48001F006887
:106B600020F44050D4F880100843CA49091F086037
:106B70001023D4E90001184000215840494008433F
:106B800015D1D4F89400B0F5807F07D1022104F12B
:106B9000280005F001F908B14FF00108BD48006870
:106BA00020F44070D4F894100843BA4908604FF4B8
:106BB0000023D4E90001184000215840494008430F
:106BC00027D1D4F8A00030B1B0F5803F0AD0B0F59D
:106BD000003F0FD10DE0002104F1080005F02AF874
:106BE000054609E0022104F1280005F0D5F8054624
:106BF00002E001E0012500BF00BF4DB9A5480068D3
:106C000020F44030D4F8A0100843A249086000E006
:106C1000A8464FF48023D4E90001184000215840D1
:106C2000494008432DD1D4F88400B0F5801F06D028
:106C3000B0F5001F0CD0B0F5401F11D10FE0954802
:106C40002C38006840F4003092492C39086009E083
:106C5000012104F1280005F09FF8054602E001E05B
:106C6000012500BF00BF5DB98A48001F006820F4FD
:106C70004010D4F8841008438649091F086000E0DA
:106C8000A8464FF48032D4E9000110400021134699
:106C900058404940084325D1206D18B1B0F5803FD8
:106CA00010D108E07B482C38006840F40030794966
:106CB0002C39086008E0022104F1080004F0BAFF52
:106CC000054601E0012500BF00BF55B971480C38E9
:106CD000006820F48030216D08436E490C3908604B
:106CE00000E0A8464FF00053D4E9001019400020FE
:106CF00059404040014307D1022104F1280005F02A
:106D00004BF808B14FF001084FF40032D4E900010C
:106D100010400021134658404940084327D1E06FF6
:106D2000A0B1B0F5807F06D0B0F5007F0CD0B0F5F3
:106D3000407F0CD109E057482C38006840F40030FF
:106D400054492C39086004E003E002E001E0012529
:106D500000BF00BF55B94F48001F006820F44070C5
:106D6000E16F08434B49091F086000E0A8464FF453
:106D70008012D4E9001011400020134659404040D1
:106D8000014309D143480838006820F00040216FD2
:106D900008434049083908604FF40013D4E9000162
:106DA0001840002158404940084309D13948083863
:106DB000006820F08070A16E0843364908390860E9
:106DC0004FF08043D4E90010194000205940404062
:106DD000014311D100BF2F484838006820F400401B
:106DE0002C494839086008460068D4F8B4100843B4
:106DF00028494839086000BF4FF00042D4E900013B
:106E000010400021134658404940084309D1214809
:106E10000C38006820F04050616D08431D490C3962
:106E200008604FF40002D4E900101140002013461E
:106E30005940404001430AD11648001F006820F421
:106E40004000D4F8881008431249091F0860012245
:106E500000216068104049405040014306D104F1D0
:106E6000080004F0E7FE054605B1A846022200210D
:106E70006068104049405040014307D1012104F1AE
:106E8000080004F0D7FE054605B1A84604230020FB
:106E9000616801E0584402581940042240405140C2
:106EA000084307D1022104F1080004F0C3FE05469F
:106EB00005B1A84608230020616819400822404017
:106EC0005140084307D1002104F1280004F064FF79
:106ED000054605B1A846102300206168194010221C
:106EE00040405140084307D1012104F1280004F03B
:106EF00053FF054605B1A8462022002160681040D6
:106F000049405040014307D1022104F1280004F018
:106F100043FF054605B1A846B8F1000F02D1002095
:106F2000BDE8F0810120FBE72DE9F04104460D4664
:106F300014B90120BDE8F081BD48006800F00F00E1
:106F4000A8420ED2BA48006820F00F002843B84982
:106F500008600846006800F00F00A84201D0012038
:106F6000E8E7207800F0040004280ED1B149206938
:106F7000096801F07001884207D9AE48006820F026
:106F8000700021690843AB490860207800F00800D0
:106F9000082811D1A749091D6069096801F070012D
:106FA000884209D9A348001D006820F0700061697B
:106FB0000843A049091D0860207800F0100010283F
:106FC00011D19C49091DA069096801F4E06188425A
:106FD00009D99848001D006820F4E060A1690843C1
:106FE0009449091D0860207800F02000202811D164
:106FF00090490831E069096801F07001884209D9B7
:107000008C480830006820F07000E1690843894925
:1070100008310860207800F0020002280ED185496E
:10702000E068096801F00F01884207D981480068CB
:1070300020F00F00E16808437E490860207800F0E6
:107040000100002850D07B48006820F47060A168DF
:107050000843784908606068022807D175481838E5
:107060000068C0F34040F8B9012063E76068032876
:1070700007D1704818380068C0F34060A0B90120FB
:1070800058E76068012807D16A4818380068C0F3DB
:10709000002048B901204DE7664818380068C0F361
:1070A000800008B9012045E762480838006820F0F0
:1070B0000700616808435F4908390860FEF74EFD24
:1070C000064608E0FEF74AFD801B41F288318842FF
:1070D00001D903202EE757480838006800F038002F
:1070E0006168B0EBC10FEDD1207800F002000228FA
:1070F0000ED15049E068096801F00F01884207D2BB
:107100004C48006820F00F00E168084349490860D6
:107110004748006800F00F00A8420ED944480068B4
:1071200020F00F002843424908600846006800F03C
:107130000F00A84201D00120FCE6207800F00400F6
:1071400004280ED13B492069096801F0700188428A
:1071500007D23848006820F070002169084335499B
:107160000860207800F00800082811D13149091D75
:107170006069096801F07001884209D22D48001D3C
:10718000006820F07000616908432A49091D086001
:10719000207800F01000102811D12649091DA0699F
:1071A000096801F4E061884209D22248001D0068A4
:1071B00020F4E060A16908431E49091D0860207899
:1071C00000F02000202811D11A490831E06909682F
:1071D00001F07001884209D216480830006820F09A
:1071E0007000E169084313490831086000F0ACF809
:1071F00010490968C1F303210F4A515C01F01F01D6
:1072000020FA01F70B48006800F00F001146085CF7
:1072100000F01F0027FA00F00849086008480760DE
:1072200008480068FEF7DCFC8046404682E6000025
:107230000020005218440258682901083400002434
:1072400030000024280000243F220260174A126800
:1072500002F007024260154A0832126802F47062B6
:107260008260124A0832126802F00F02C2600F4AAE
:107270000832126802F0700202610C4A0C32126885
:1072800002F070024261094A0C32126802F4E062B4
:107290008261064A1032126802F07002C261044A2A
:1072A000126802F00F020A60704700001044025892
:1072B0000020005210B500F047F80D490968C1F3ED
:1072C00003210C4A515C01F01F0120FA01F4084827
:1072D000006800F00F001146085C00F01F0024FA5F
:1072E00000F005490860054804600846006810BDC4
:1072F0001844025868290108340000243000002492
:1073000000B5FFF7D7FF05490968C1F30211044A28
:10731000515C01F01F01C84000BD00001C44025830
:107320006829010800B5FFF7C5FF05490968C1F3E1
:107330000221044A515C01F01F01C84000BD000059
:107340001C44025868290108F0B5824E366806F0E0
:10735000380636B1082E15D0102E15D0182E7DD136
:1073600014E07C4E103E3668C6F3401646B1794EA6
:10737000103E3668C6F3C107774E26FA07F000E0E4
:107380007548E5E07548E3E07548E1E0714E183670
:10739000366806F003046F4E18363668C6F30511DA
:1073A0006C4E1C36366806F001056A4E2436366887
:1073B000C6F3CC0616FB05F601EE106AB8EE410ADC
:1073C000002971D024B1012C50D0022C6DD16DE078
:1073D000604E103E3668C6F340163EB35D4E103E1A
:1073E0003668C6F3C1075C4E26FA07F301EE103A81
:1073F000F8EE411A01EE101AB8EE411A81EE812A18
:107400009FED581AC0EE011A524E20363668C6F368
:10741000080601EE106AB8EE411A31EE811AF7EE55
:10742000001A31EE211A62EE010A1EE001EE101A76
:10743000B8EE411ADFED4C1A81EE812A9FED491A10
:10744000C0EE011A434E20363668C6F3080601EE38
:10745000106AB8EE411A31EE811A00E076E0F7EEDC
:10746000001A31EE211A62EE010A5BE001EE101AF9
:10747000B8EE411A9FED3D2AC2EE011A9FED391A6E
:1074800080EE012A334E20363668C6F3080601EE38
:10749000106AB8EE411A32EE011AB7EE002A31EE48
:1074A000021A61EE810A3DE04EE01DE001EE101A85
:1074B000B8EE411ADFED2E1A81EE812A9FED291ACE
:1074C000C0EE011A234E20363668C6F3080601EED8
:1074D000106AB8EE411A31EE811AF7EE001A31EE59
:1074E000211A62EE010A1DE001EE101AB8EE411AEF
:1074F0009FED1E2AC2EE011A9FED1A1A80EE012A94
:10750000144E20363668C6F3080601EE106AB8EE4F
:10751000411A32EE011AB7EE002A31EE021A61EE7C
:10752000810A00BF00BF0B4E20363668C6F34626E0
:10753000721C01EE102AB8EE411AC0EE811ABCEEA0
:10754000E11A11EE100A00E0002001E0034800BF3C
:1075500000BFF0BD104402580090D00300093D0068
:1075600000366E01000000460024744C0024744A6A
:10757000001BB74B2DE9F047044614B90120BDE8C4
:10758000F087207800F00100002870D0F9480068EA
:1075900000F03808F7481830D0F80090B8F1100F14
:1075A00006D0B8F1180F0FD109F0030002280BD153
:1075B000F04810380068C0F3404000286AD0606886
:1075C000002867D10120DAE700BF6068B0F5803F8E
:1075D00008D1E8481038006840F48030E549103997
:1075E00008602EE0606868B9E2481038006820F44E
:1075F0008030E049103908600846006820F4802097
:1076000008601EE06068B0F5A02F0DD1D948103891
:10761000006840F48020D7491039086008460068A7
:1076200040F4803008600CE0D2481038006820F444
:107630008030D049103908600846006820F4802066
:10764000086000BF606898B1FEF788FA054606E05A
:10765000FEF784FA401B642801D903208FE7C54850
:1076600010380068C0F340400028F1D012E012E06A
:10767000FEF774FA054606E0FEF770FA401B642830
:1076800001D903207BE7BB4810380068C0F34040B5
:107690000028F1D100BF207800F00200022879D143
:1076A000B448006800F03808B2481830D0F80090AC
:1076B000B8F1000F05D0B8F1180F35D109F003006B
:1076C00088BBAC4810380068C0F3800018B1E0688F
:1076D00008B9012053E7A7481038006820F01900C6
:1076E000E1680843A34910390860FEF737FA0546F8
:1076F00006E0FEF733FA401B022801D903203EE7DB
:107700009C4810380068C0F380000028F1D09948E8
:107710000C38006820F0FE40217C40EA0160954969
:107720000C39086045E0FFE7E06838B3914810384D
:10773000006820F01900E16808438E49103908609C
:10774000FEF70CFA054606E0FEF708FA401B022891
:1077500001D9032013E7874810380068C0F3800080
:107760000028F1D083480C38006820F0FE40217CCE
:1077700040EA01607F490C3908601AE07D48103802
:10778000006820F001007B4910390860FEF7E6F937
:10779000054607E00EE0FEF7E1F9401B022801D99B
:1077A0000320ECE6734810380068C0F3800000281E
:1077B000F1D100BF207800F0100010286FD16D4883
:1077C000006800F038086B481830D0F80090B8F125
:1077D000080F06D0B8F1180F1CD109F003000128DA
:1077E00018D1644810380068C0F3002020B1E06967
:1077F000802801D00120C2E600BF5E48001F00685B
:1078000020F07C5094F8201040EA01605949091F8B
:10781000086043E0E06938B356481038006840F02B
:107820008000544910390860FEF798F9054606E0D3
:10783000FEF794F9401B022801D903209FE64D482A
:1078400010380068C0F300200028F1D000BF49487C
:10785000001F006820F07C5094F8201040EA01607E
:107860004449091F086019E042481038006820F0B8
:107870008000404910390860FEF770F9054606E0BF
:10788000FEF76CF9401B022801D9032077E639483E
:1078900010380068C0F300200028F1D100BF207824
:1078A00000F00800082836D16069D0B13148643052
:1078B000006840F001002F4964310860FEF74EF97E
:1078C000054606E0FEF74AF9401B022801D90320CD
:1078D00055E6284864300068C0F340000028F1D025
:1078E00019E024486430006820F001002149643127
:1078F0000860FEF733F9054606E0FEF72FF9401B56
:10790000022801D903203AE61A4864300068C0F31F
:1079100040000028F1D1207800F02000202838D144
:10792000A069D0B113481038006840F48050114964
:1079300010390860FEF712F9054606E0FEF70EF969
:10794000401B022801D9032019E60A4810380068B4
:10795000C0F340300028F1D01BE006481038006822
:1079600020F48050034910390860FEF7F7F8054607
:1079700009E0000010440258FEF7F0F8401B02280E
:1079800001D90320FBE5D0480068C0F3403000284F
:10799000F2D1207800F0040004287DD1CB480068A3
:1079A00040F48070C9490860FEF7D8F8054606E043
:1079B000FEF7D4F8401B642801D90320DFE5C34853
:1079C000006800F480700028F2D000BFA068012891
:1079D00008D1BD487030006840F00100BA497031EC
:1079E00008602DE0A06868B9B7487030006820F0E2
:1079F0000100B549703108600846006820F00400B5
:107A000008601DE0A06805280DD1AF4870300068FF
:107A100040F00400AC49703108600846006840F04E
:107A2000010008600CE0A8487030006820F00100F8
:107A3000A549703108600846006820F0040008601D
:107A400000BFA068A0B1FEF789F8054608E0FEF780
:107A500085F8401B41F28831884201D903208EE528
:107A6000994870300068C0F340000028EFD013E060
:107A7000FEF774F8054608E0FEF770F8401B41F287
:107A80008831884201D9032079E58F487030006839
:107A9000C0F340000028EFD1606A00287DD08A48FA
:107AA0001030006800F03800182877D0606A02288B
:107AB00075D18548006820F0807083490860FEF722
:107AC0004DF8054606E0FEF749F8401B022801D9AB
:107AD000032054E57C480068C0F340600028F2D1E0
:107AE00000BFD4E90A1041EA00107749283109683B
:107AF00040F2F33291430843734928310860208EE5
:107B0000401EC0F30800616B491E4FF47E4202EA3A
:107B100041210843218F491ED20102EA0141084355
:107B20003C21095D491E120202EA016108436649CF
:107B30003031086000BF081F006820F00100091FF5
:107B400008606148343000684FF6F8718843A16CD2
:107B500040EAC1005C49343108605B482C30006861
:107B600020F00C00216C084357492C31086008466E
:107B7000006820F00200616C084353492C31086012
:107B80000846006840F4803008600846006840F409
:107B9000003008600846006802E092E038E01FE02C
:107BA00040F4802008600846006840F0010008604A
:107BB0004548006840F0807043490860FDF7CEFFFB
:107BC000054606E0FDF7CAFF401B022801D9032045
:107BD000D5E43D480068C0F340600028F2D070E072
:107BE0003948006820F0807037490860FDF7B6FF1B
:107BF000054606E0FDF7B2FF401B022801D903202D
:107C0000BDE431480068C0F340600028F2D158E07C
:107C10002D48283007682C4830300668606A0128F3
:107C200021D007F00301A06A81421CD1C7F30511DE
:107C3000E06A884217D1C6F30801206B401E8142DA
:107C400011D1606B401EC6F3462188420BD1A06B58
:107C5000401EC6F30641884205D1E06B401EC6F3C4
:107C60000661884201D0012089E417483430006859
:107C7000C0F3CC07A06CB84223D013482C30006866
:107C800020F0010010492C310860FDF767FF054620
:107C900000BFFDF763FF401BFBD00B48343000688A
:107CA0004FF6F8718843A16C40EAC10006493431AF
:107CB000086005482C30006840F0010002492C3172
:107CC000086000205BE400000044025800480258AD
:107CD000704700002DE9F05F0446206807692068BE
:107CE000D0F8148007EA08052068D0F808904FF013
:107CF000000A94F88160206800F1300B08F40060FD
:107D0000B0F5006F0ED107F0080008280AD12068EE
:107D1000806940F4006021688861204600F0B9FA6B
:107D2000BDE8F09F05F0400070B905F0200058B99B
:107D300005F00400042807D12046616F88472046DB
:107D4000216F88474FF0010A05F0400050B905F057
:107D5000010038B105F0040020B92046216F8847A2
:107D60004FF0010A05F0200058B905F00200022882
:107D700007D105F0040020B92046616F88474FF015
:107D8000010ABAF1000F00D0CAE705F00800082880
:107D900063D12068806940F008002168886120680C
:107DA000806940F01000216888612068806940F493
:107DB0000060216888612068006920F0080021685F
:107DC00008612068806800F4404038BB22E0E06829
:107DD0000F2807D92068006B616E0860606E001D77
:107DE000606612E0E068072807D9BBF80000616E02
:107DF0000880606E801C606607E0206890F83000A4
:107E0000616E0870606E401C6066B4F86A00401EC7
:107E1000A4F86A00B4F86A000028D8D1204604F01B
:107E20000DF9012084F88100D4F8840018B12046AF
:107E3000FFF74EFF74E7052E03D1204600F0ACFBA0
:107E40000AE0042E03D1204600F022FA04E0032EBB
:107E500002D1204600F09FFB62E705F4587000282D
:107E60007DD005F0400058B1D4F8840040F0040003
:107E7000C4F884002068806940F04000216888616F
:107E800005F4007058B1D4F8840040F00100C4F843
:107E900084002068806940F400702168886105F4DE
:107EA000807058B1D4F8840040F00800C4F8840011
:107EB0002068806940F480702168886105F02000A6
:107EC00058B1D4F8840040F08000C4F884002068E1
:107ED000806940F0200021688861D4F88400A8B34C
:107EE0002068006820F001002168086020680069AF
:107EF00040F26B3188432168086109F44040B0F5D5
:107F0000404F25D12068806820F440402168886077
:107F1000E06F60B11348E16F0865E06FFBF752FC5A
:107F200028B1D4F8840040F04000C4F88400A06F69
:107F300060B10C48A16F0865A06FFBF743FC28B146
:107F4000D4F8840040F04000C4F8840006E006E065
:107F5000012084F881002046FFF7BAFEE0E600BF6A
:107F6000DEE6000013C1000870B504460CB901201C
:107F700070BD606A00B900BF0021A162634920683A
:107F800088420CD062492068884208D06149206844
:107F9000884204D0E0680F2801D90120E8E7204694
:107FA00004F0C5F8054659492068884209D0584967
:107FB0002068884205D057492068884201D0082DA2
:107FC0000DD852492068884207D05149206888421C
:107FD00003D050492068884203D1102D01D90120D7
:107FE000C6E794F8810028B9002084F88000204674
:107FF00000F092F8022084F881002068006820F0E8
:108000000100216808602068806800F4F816A06903
:10801000B0F1806F11D16068B0F5800F01D1A06B15
:1080200028B1606848B9A06BB0F1805F05D12068C5
:10803000006840F4805021680860606800F48000A7
:10804000B0F5800F0BD1E068072808D320680068DE
:1080500020F48070216D08432168086005E02068E5
:10806000006820F4807021680860A16AE069084314
:108070003043E16B0843E168084321688860616A26
:10808000606B0843A16B0843A16908432169084359
:1080900061690843216A084361680843E16C084349
:1080A000A1680843A16C0843A16D08432168C8601A
:1080B000606878B92068806820F4C05040F400609F
:1080C000216888602068806820F4C06040F4806087
:1080D000216888602068006D20F001002168086533
:1080E000606800F48000B0F5800F07D12068C06898
:1080F00020F00040616D08432168C8600020C4F88A
:108100008400012084F88100002031E70030014024
:1081100000380040003C004010B5B6B004461421C1
:1081200030A8F8F799F9B82102A8F8F795F951495C
:10813000206888427DD181140020CDE90210199079
:1081400002A8FEF78DF808B1FAF7D8FE00BF4A483A
:10815000006840F48040484908600846006800F420
:108160008040019000BF00BF00BF4348083800684E
:1081700040F004004049083908600846006800F0F3
:108180000400019000BF00BF00BF0846006840F037
:10819000020008600846006800F00200019000BF7D
:1081A00000BF062030900220319000203290032042
:1081B00033900520349030A93048FDF7C9FB4FF4C7
:1081C00000503090022031900020329003203390F4
:1081D0000520349030A92A48FDF7BAFB29482A49DE
:1081E000086027204860002127488160C1604FF463
:1081F00080610161002141618161C1614FF44031C1
:10820000016200214162FCF725FA08B1FAF776FE17
:1082100000BF1D48E067846300BF1A4818301B493F
:108220000860282048604021184881600021C16012
:1082300000E01DE04FF48061016100214161816136
:10824000C1614FF40031016200214162FCF702FA82
:1082500008B1FAF753FE00BF0C48A067846300BF63
:10826000002205212420FDF737FD2420FDF720FD05
:1082700036B010BD00380040E844025800080258EB
:108280000004025810000240F40500246C0600248B
:10829000704770472DE9FF5F04468A4693461E46A5
:1082A0000E9D00200390206820300290206830301E
:1082B000019000BF94F88000012803D1022004B08F
:1082C000BDE8F09F012084F8800000BFFDF746FC68
:1082D00081463746B04694F88100012808D0022034
:1082E000039000BF002084F8800000BF0398E6E7F9
:1082F000BAF1000F03D0BBF1000F00D046B9012046
:10830000039000BF002084F8800000BF0398D6E7E8
:10831000052084F881000020C4F88400C4F864B00B
:10832000A4F86A60A4F86860C4F85CA0A4F862606D
:10833000A4F86060206760672068C06820F4C020EF
:108340002168C860206840686FF30F0030432168DF
:1083500048602068006840F001002168086060689B
:10836000B0F5800F05D12068006840F400702168E6
:108370000860E0680F284ED947E02068406900F0A7
:10838000020002280ED16FB1E06D0068216808621A
:10839000E06D001DE065B4F86200401EA4F86200C4
:1083A000B4F862702068406948F20801084080B162
:1083B000B8F1000F0DD02068006B616E0860606E30
:1083C000001D6066B4F86A00401EA4F86A00B4F8A4
:1083D0006A80FDF7C3FBA0EB0900A84201D3681C2B
:1083E00000B995B9204603F029FE00BF002084F8AB
:1083F000800000BFD4F8840040F48070C4F884008A
:10840000012084F88100032059E7002FB5D1B8F18D
:10841000000FB2D19EE0E06807284CD945E0206803
:10842000406900F0020002280DD167B154F85C0FDA
:108430000188029801802068801C2060E088401E2E
:10844000E080E7885C3C2068406900F0010080B172
:10845000B8F1000F0DD00198008854F8641F08800F
:108460002068801C2060E088401EE080B4F8068010
:10847000643CFDF773FBA0EB0900A84201D3681C24
:1084800000B995B9204603F0D9FD00BF002084F85B
:10849000800000BFD4F8840040F48070C4F88400E9
:1084A000012084F88100032009E7002FB7D1B8F13B
:1084B000000FB4D14EE048E02068406900F00200AF
:1084C00002280FD177B1E06D0078216881F8200093
:1084D000E06D401CE065B4F86200401EA4F8620044
:1084E000B4F862702068406900F0010088B1B8F10A
:1084F000000F0ED0206890F83000616E0870606E3A
:10850000401C6066B4F86A00401EA4F86A00B4F823
:108510006A80FDF723FBA0EB0900A84201D3681C89
:1085200000B995B9204603F089FD00BF002084F80A
:10853000800000BFD4F8840040F48070C4F8840048
:10854000012084F881000320B9E6002FB4D1B8F1EE
:10855000000FB1D12B46002208212046CDF8009013
:1085600003F0F2FD28B1D4F8840040F02000C4F8F4
:108570008400204603F062FD00BF002084F88000E4
:1085800000BF012084F88100D4F8840008B10120E4
:1085900095E6039893E670477047704770477047B9
:1085A00030B502460B4600BF92F83C00012801D1CD
:1085B000022030BD012082F83C0000BF022082F87A
:1085C0003D001068416810688468254D1068A84215
:1085D00003D0244D1068A84203D121F470015868DB
:1085E000014321F0700118680143106841601C4D7F
:1085F0001068A84223D01068B0F1804F1FD01A4DE8
:108600001068A8421BD0194D1068A84217D0184D09
:108610001068A84213D0134D1068A8420FD0154D12
:108620001068A8420BD0144D1068A84207D0134D13
:108630001068A84203D0124D1068A84205D124F05A
:1086400080049868044310688460012082F83D002B
:1086500000BF002082F83C0000BF00BFA9E7000077
:1086600000000140000401400004004000080040F8
:10867000000C0040001800400040014000E00040B5
:1086800000E4004010B504460CB9012010BD94F878
:108690003D0028B9002084F83C00204600F029F86D
:1086A000022084F83D00211D206803F05FFE0120B8
:1086B00084F8480000BF84F83E0001213F200155A6
:1086C00040200155412001554220015543200155CC
:1086D00000BF00BF012084F844004520015546201A
:1086E00001554720015500BF012084F83D000020BE
:1086F000CCE77047014691F83D00012801D00120E8
:108700007047022081F83D000868C06840F0010011
:108710000B68D860204B0868984223D00868B0F1F5
:10872000804F1FD01D4B086898421BD01C4B086817
:10873000984217D01B4B0868984213D01A4B086810
:1087400098420FD0194B086898420BD0184B086814
:10875000984207D0174B0868984203D0164B086818
:10876000984210D108688068144B00EA0302062A78
:108770000FD0B2F5803F0CD00868006840F00100CF
:108780000B68186005E00868006840F001000B689D
:1087900018600020B4E70000000001400004004021
:1087A00000080040000C0040000401400018004098
:1087B0000040014000E0004000E4004007000100EC
:1087C000704710B5044620680069C0F34000D8B176
:1087D0002068C068C0F34000B0B16FF002002168AB
:1087E0000861012020772068806900F0030018B13B
:1087F0002046FFF7E5FF05E0204600F00FF9204690
:1088000000F028FA0020207720680069C0F380007B
:10881000D8B12068C068C0F38000B0B16FF0040028
:1088200021680861022020772068806900F4407088
:1088300018B12046FFF7C4FF05E0204600F0EEF82F
:10884000204600F007FA0020207720680069C0F376
:10885000C000D8B12068C068C0F3C000B0B16FF0EC
:10886000080021680861042020772068C06900F0B2
:10887000030018B12046FFF7A3FF05E0204600F0F3
:10888000CDF8204600F0E6F9002020772068006946
:10889000C0F30010D8B12068C068C0F30010B0B1B8
:1088A0006FF0100021680861082020772068C069F7
:1088B00000F4407018B12046FFF782FF05E0204623
:1088C00000F0ACF8204600F0C5F9002020772068C1
:1088D000006900F0010058B12068C06800F0010094
:1088E00030B16FF0010021680861204600F0E4FA21
:1088F00020680069C0F3C01058B12068C068C0F398
:10890000C01030B16FF08000216808612046FFF789
:1089100045FE20680069C0F3002058B12068C06897
:10892000C0F3C01030B16FF4807021680861204638
:10893000FFF733FE20680069C0F3801058B120684B
:10894000C068C0F3801030B16FF04000216808614A
:10895000204600F0BAFA20680069C0F3401058B110
:108960002068C068C0F3401030B16FF0200021686B
:1089700008612046FFF713FE10BD000010B586B059
:108980000446142101A8F7F767FD204920688842B2
:108990001AD100BF1E48006840F002001C49086060
:1089A0000846006800F00200009000BF00BF0220EF
:1089B000019002900020039004900220059001A9EC
:1089C0001448FCF7C5FF1FE01349206888421BD1FB
:1089D00000BF0F48006840F002000D4908600846DB
:1089E000006800F00200009000BF00BF4FF400409C
:1089F0000190022002900020039004900220059034
:108A000001A90448FCF7A4FF06B010BD0004004013
:108A1000E0440258000402580018004070472DE955
:108A2000F04104460D461646002700BF94F83C006E
:108A3000012802D10220BDE8F081012084F83C0029
:108A400000BF0C2E51D005DC4EB1042E1ED0082ED6
:108A50007AD133E0102E60D0142EF9D175E029467A
:108A6000206803F005FD2068806940F00800216857
:108A700088612068806920F004002168886120688E
:108A80008069296908432168886178E0294620685F
:108A900003F044FD2068806940F40060216888612B
:108AA0002068806920F4806021688861206880697E
:108AB000296940EA01202168886160E02946206830
:108AC00003F086FD2068C06940F008002168C86195
:108AD0002068C06920F004002168C8612068C0696E
:108AE000296908432168C86149E02946206803F0E4
:108AF000C9FD2068C06940F400602168C861206831
:108B0000C06920F480602168C8612068C069296953
:108B100040EA01202168C86131E02946206803F05D
:108B2000EBFD2068406D40F0080021684865206832
:108B3000406D20F00400216848652068406D296977
:108B40000843216848651AE017E02946206803F0C9
:108B50000BFE2068406D40F4006021684865206885
:108B6000406D20F48060216848652068406D296967
:108B700040EA01202168486501E0012700BF00BFED
:108B800000BF002084F83C0000BF384653E710B512
:108B900004460CB9012010BD94F83D0028B900200E
:108BA00084F83C00204600F029F8022084F83D00BB
:108BB000211D206803F0DAFB012084F8480000BF83
:108BC00084F83E0001213F200155402001554120FD
:108BD0000155422001554320015500BF00BF01202F
:108BE00084F8440045200155462001554720015591
:108BF00000BF012084F83D000020CCE708B5124AF0
:108C0000016891420DD100BF1049096841F002018D
:108C10000E4A11601146096801F00201009100BF7F
:108C200011E00B4A016891420DD100BF0749096864
:108C300041F04001054A11601146096801F0400108
:108C4000009100BF00BF08BD00040040E844025886
:108C5000001800407047000070B504460D4615B975
:108C600094F83E0015E0042D02D13F20005D10E095
:108C7000082D02D14020005D0BE00C2D02D14120D7
:108C8000005D06E0102D02D14220005D01E043208E
:108C9000005D012801D0012070BD1DB9022084F8BB
:108CA0003E001AE0042D03D102213F20015514E0BB
:108CB000082D03D10221402001550EE00C2D03D1D7
:108CC00002214120015508E0102D03D1022142204C
:108CD000015502E002214320015501222946206866
:108CE00003F0B4FB2F49206888420FD02E4920683A
:108CF00088420BD02D492068884207D02C49206833
:108D0000884203D02B492068884201D1012000E02D
:108D1000002028B12068406C40F40040216848647D
:108D200020492068884223D02068B0F1804F1FD0AE
:108D30002149206888421BD020492068884217D0EA
:108D40001F492068884213D01749206888420FD0F5
:108D50001C49206888420BD014492068884207D0FB
:108D600019492068884203D018492068884210D1E8
:108D700020688068164900EA0106062E0FD0B6F575
:108D8000803F0CD02068006840F001002168086036
:108D900005E02068006840F00100216808600020BC
:108DA0007AE700000000014000040140004001405B
:108DB0000044014000480140000400400008004019
:108DC000000C00400018004000E0004000E40040BB
:108DD0000700010030B504460D46002229462068F0
:108DE00003F034FB2F49206888420FD02E492068B9
:108DF00088420BD02D492068884207D02C49206832
:108E0000884203D02B492068884201D1012000E02C
:108E1000002090B100BF2068006A41F211110840A3
:108E200050B92068006A8910084028B92068406C51
:108E300020F400402168486400BF00BF2068006A39
:108E400041F21111084050B92068006A89100840A9
:108E500028B92068006820F001002168086000BF80
:108E60001DB9012084F83E001AE0042D03D1012130
:108E70003F20015514E0082D03D101214020015568
:108E80000EE00C2D03D101214120015508E0102DE9
:108E900003D101214220015502E001214320015567
:108EA000002030BD000001400004014000400140AE
:108EB000004401400048014010B504462068B0F16C
:108EC000804F01D1FCF750FE10BD7047014600BF36
:108ED00091F88400012801D102207047012081F817
:108EE000840000BF2420C1F8880008680268086870
:108EF000006820F001000B68186022F0005200208A
:108F00004866086802602020C1F8880000BF002081
:108F100081F8840000BF00BFDFE77047704770B57D
:108F200004460D4600BF94F88400012801D10220B8
:108F300070BD012084F8840000BF2420C4F888009C
:108F4000206806682068006820F001002168086039
:108F50002068806820F0606028432168886020468F
:108F600003F058FC206806602020C4F8880000BF89
:108F7000002084F8840000BF00BFD9E770B5044624
:108F80000D4600BF94F88400012801D1022070BD75
:108F9000012084F8840000BF2420C4F888002068E1
:108FA00006682068006820F00100216808602068D9
:108FB000806820F06040284321688860204603F0E4
:108FC00029FC206806602020C4F8880000BF00202B
:108FD00084F8840000BF00BFD9E77047704770472E
:108FE0002DE9F04704462068C569206806682068B6
:108FF000876840F60F0005EA0009B9F1000F0FD1AC
:1090000005F0200060B106F0200010B907F0805094
:1090100030B1606F10B12046616F8847BDE8F087BE
:10902000B9F1000F7ED0FE48384018B9FD483040F5
:109030000028F7D005F0010058B106F4807040B167
:10904000012021680862D4F8900040F00100C4F8C3
:10905000900005F0020058B107F0010040B1022075
:1090600021680862D4F8900040F00400C4F8900031
:1090700005F0040058B107F0010040B10420216858
:109080000862D4F8900040F00200C4F8900005F0A7
:10909000080070B106F0200010B9E148384040B136
:1090A000082021680862D4F8900040F00800C4F855
:1090B000900005F4006060B106F0806048B14FF4A4
:1090C000006021680862D4F8900040F02000C4F8E5
:1090D0009000D4F89000002852D005F0200050B144
:1090E00006F0200010B907F0805020B1606F10B179
:1090F0002046616F8847D4F890A02068806800F00F
:109100004000402802D00AF0280070B3204603F047
:10911000B7FC2068806800F04000402826D100BFDE
:1091200000BF00E02DE02168083151E8001F21F068
:1091300040002168083141E80002002AF1D100BF57
:10914000D4F8800068B1B848D4F880100865D4F825
:109150008000FAF737FB98B1D4F88000016D88479A
:109160000EE02046FFF73BFF0AE003E02046FFF752
:1091700036FF05E02046FFF732FF0020C4F89000DC
:109180004CE7E06E01287DD105F01000002879D071
:1091900006F010000028FAD010202168086220682C
:1091A000806800F0400040286DD1D4F8800000684D
:1091B0009E4988426BD0D4F8800000689B491831E2
:1091C000884264D0D4F880000068984930318842E1
:1091D0005DD0D4F88000006894494831884256D068
:1091E000D4F8800000689149603188424FD0D4F8AB
:1091F000800000688D497831884248D0D4F88000DA
:1092000000688A499031884241D0D4F880000068D3
:109210008649A83188423AD0D4F880000068844951
:10922000884234D0D4F880000068814918318842DF
:109230002DD0D4F8800000687D493031884226D096
:10924000D4F8800000687A49483188421FD0D4F8A9
:109250008000006876496031884218D0D4F88000D8
:10926000006873497831884211D0D4F880000068D2
:109270006F49903188420AD0D4F8800000686C4968
:10928000A83102E0AEE069E001E0884204D1D4F800
:1092900080000068406803E0D4F8800000684068FF
:1092A0001FFA80F8B8F1000F57D0B4F85C004045C1
:1092B00053DDA4F85E80D4F88000C069B0F5807FEB
:1092C00040D000BF00BF216851E8001F21F480702A
:1092D000226842E800010029F5D100BF00BF00BFAD
:1092E0002168083151E8001F21F001002168083190
:1092F00041E80002002AF3D100BF00BF00BF21688F
:10930000083151E8001F21F040002168083141E890
:109310000002002AF3D100BF2020C4F88C000020F6
:10932000E06600BF00BF216851E8001F21F0100077
:10933000226842E800010029F5D100BFD4F880007E
:10934000F9F7D2FF02202067B4F85C00B4F85E2081
:10935000801A81B22046FFF7E0FD5FE634F85C0F2B
:109360006188401A1FFA80F860885C3CC8B3B8F185
:10937000000F36D000BF00BF216851E8001F21F464
:109380009070226842E800010029F5D100BF00BFBB
:1093900000BF2168083151E8001F214AD24301EA89
:1093A00002002168083141E80002002AF1D100BF23
:1093B0002020C4F88C000020E066606700BF00BF7A
:1093C000216851E8001F21F01000226842E80001E6
:1093D0000029F5D100BF0220206741462046FFF753
:1093E0009CFD1BE605F4801050B107F4800038B1F5
:1093F0004FF48010216808622046FFF7EFFD0DE66C
:1094000005F08000B0B106F0800010B907F400004C
:1094100080B1A06F10B12046A16F8847FEE5000023
:10942000010000102001000467CA0008100002407B
:109430001004024005F0400030B106F0400018B1C1
:10944000204603F053FBE9E505F4000030B106F0D7
:10945000804018B12046FFF7C0FDDFE505F08070C1
:1094600030B106F0004018B12046FFF757FDD5E5B2
:1094700000BFD3E510B504460CB9012010BDA069AA
:1094800000B100E000BFD4F8880028B9002084F8BB
:109490008400204600F02AF82420C4F888002068C0
:1094A000006820F0010021680860204603F034FEC7
:1094B000012800D1E2E7A06A10B1204603F0D6F9F6
:1094C0002068406820F490402168486020688068E7
:1094D00020F02A00216888602068006840F00100C0
:1094E00021680860204603F03DFAC7E710B5B6B022
:1094F0000446142130A8F6F7AFFFB82102A8F6F70A
:10950000ABFF2249206888423ED101210020CDE9ED
:109510000210209002A8FCF7A3FE08B1F9F7EEFCB8
:1095200000BF1B48006840F0100019490860084659
:10953000006800F01000019000BF00BF00BF144899
:109540001038006840F001001149103908600846E1
:10955000006800F00100019000BF00BF4FF4C06040
:1095600030900220319000203290339007203490C8
:1095700030A90848FCF7ECF9002205212520FCF76A
:10958000ABFB2520FCF794FB36B010BD001001406A
:10959000F04402580000025870B504460D461646C5
:1095A000D4F88C00202821D105B10EB9012070BD5E
:1095B0000020E0660E492068884211D0206840688B
:1095C00000F4000060B100BF00BF216851E8001F37
:1095D00041F08060226842E800010029F5D100BF17
:1095E00032462946204604F0ABF8E0E70220DEE7E9
:1095F000000C005838B50446002000900D49206842
:1096000088420BD100236A460B490C48006808F0D9
:10961000F1FB012208490A48FFF7BEFF009838B164
:109620004FF0805007490860BFF34F8FBFF36F8F33
:1096300038BD000000100140200000241C0300245D
:109640007C07002404ED00E02DE9F84F04460E46A7
:1096500017469946D4F88800202854D106B117B986
:109660000120BDE8F88F00205434E06321206063BE
:10967000FCF774FA824627806780543CA068B0F5F6
:10968000805F04D1206910B90025B04602E035465C
:109690004FF0000820E05346002280212046CDF8FC
:1096A000009004F0FBF820B12020C4F888000320CB
:1096B000D7E745B9B8F80000C0F308002168886210
:1096C00008F1020803E02878216888626D1CB4F86C
:1096D0005600401EA4F85600B4F856000028DAD10F
:1096E0005346002240212046CDF8009004F0D6F8E1
:1096F00020B12020C4F888000320B2E72020C4F85D
:1097000088000020ADE70220ABE7704770B5044643
:1097100000202074A37B484D2D8803FB05F261686F
:10972000D4F8FC00F6F77FFEA27B434B1B8802FBBC
:1097300003F16068F6F790FEA27B3F4B1B885A430B
:10974000A37B02FB03F1D4F82401F6F785FE227B0C
:10975000394B1B885A43A37B02FB03F1D4F8180151
:10976000F6F77AFE002031E0D4F8FC1001EB80011E
:1097700091ED000AB5EEC00AF1EE10FA24D0D4F84B
:10978000FC1001EB800191ED000A227CD4F8FC1062
:1097900001EB820181ED000A227C616A8854A16993
:1097A00001EB800191ED000A6169095C227B237C59
:1097B00012FB0311491ED4F8182102EB810181ED3F
:1097C000000A217C491C2174411CC8B2A17B814242
:1097D000CADC002011E0626A125CE16901EB8201DF
:1097E00091ED000A227C00FB0202D4F8241101EB67
:1097F000820181ED000A411CC8B2217C8142EADC71
:10980000207CA4F88000217B82200153207BA4F8D7
:109810008800217C8A200153207CA4F89800217CB8
:109820009A200153207BA4F8A000217CA2200153A0
:10983000207CA4F8480070BD9800002400BFFEE71B
:1098400010B59FED071ADFED070AB7EE000A0648CC
:1098500006F050FC9FED050A054880ED100A10BD8A
:109860006F12833A000000002C8200244ED1113C7C
:109870009881002400BF00F001F8FCE7C6B0FFF7B4
:10988000DFFFD3E1EA48F9F79FF9EA4880ED000AE3
:1098900090ED000AE84880ED020AE848F7F780FFFB
:1098A000E64890ED000AE64880ED070AE34890EDAF
:1098B000010AE34880ED080AE04890ED020AE0481A
:1098C00080ED090ADD4890ED000ADE4880ED000ACF
:1098D000DA4890ED010ADB4880ED010AD74890EDA7
:1098E000020AD84880ED020AD44890ED030AD44811
:1098F00080ED040AD14890ED040AD14880ED050AB4
:10990000CE4890ED050ACE4880ED060ACB4890ED92
:10991000030ACD4880ED000AC84890ED040ACA4801
:1099200080ED010AC54890ED050AC74880ED020A9E
:10993000C448D0ED022A90ED012AD0ED001AC248A9
:1099400090ED021AD0ED010A90ED000ABA4806F037
:10995000EDFBB94806F01EFCB74806F0F6FBB6482A
:1099600002F0CCFAB44890ED0C0AB54880ED000A3C
:10997000B14890ED0D0AB24880ED010AAE4890ED75
:109980000E0AAF4880ED020AAB4890ED0F0AAC48D2
:1099900080ED030A024643A9AC48F9F702FA002019
:1099A00039E0A7491C3101EB800191ED000A43A980
:1099B00001EB8001D1ED000A30EE600A9D49D1ED46
:1099C000000A60EE200A9E4991ED100A994991ED36
:1099D000001A30EE011A80EE810A9949283101EB14
:1099E0008001D1ED000A964991ED101A60EE810ACE
:1099F00091ED101A8F49D1ED001A31EE211AC0EE07
:109A0000811A30EE210A8E49283101EB800181ED67
:109A1000000A411CC8B20328C3DB894A02F13401A1
:109A2000A1F10C00F8F7F0F8854890ED0D0AF0EE82
:109A3000C00A9FED870AF4EEC00AF1EE10FA03D2D5
:109A40009FED840A80ED0D0A7D4890ED0E0AF0EE40
:109A5000C00A9FED7F0AF4EEC00AF1EE10FA03D2BD
:109A60009FED7C0A80ED0E0A754890ED0F0AF0EE2E
:109A7000C00A9FED790AF4EEC00AF1EE10FA03D2A3
:109A80009FED740A80ED0F0A744890ED000ADFED37
:109A9000740AB4EEE00AF1EE10FA70DD01206849B4
:109AA00081F89000644890ED1A0A084680ED1D0A7E
:109AB000614890ED190A084680ED1C0A5E4890ED59
:109AC0001B0A084680ED1E0AD0ED1D0AB0EE600AA2
:109AD00007F038FC634880ED000A5948D0ED1C0AB5
:109AE000B0EE600A07F02EFC5F4880ED000A544893
:109AF000D0ED1E0AB0EE600A07F024FC5B4880ED52
:109B0000000A4F4890ED1E0AD0ED200A30EE600AA0
:109B1000DFED570AB4EEE00AF1EE10FA08DD90ED41
:109B2000210AF7EE000A30EE600A80ED210A15E006
:109B3000434890ED1E0AD0ED200A30EE600ADFEDBA
:109B40004D0AB4EEE00AF1EE10FA07D290ED210AC8
:109B5000F7EE000A30EE200A80ED210A384890ED39
:109B60001E0AD0ED210A9FED441A01EE200A80ED75
:109B70001F0A90ED1E0A80ED200A09E0FFE7374832
:109B800090ED000AF7EE000A30EE200A80ED000AA0
:109B9000FBF7E4FF39490968401A142842D33848D2
:109BA00090ED1F0AB7EEC00A8DED0E0B354890ED13
:109BB0001F0AB7EEC00A8DED0C0B334890ED420A38
:109BC000B7EEC00A8DED0A0B90ED510AB7EEC00A50
:109BD0008DED080B90ED660AB7EEC00A8DED060B11
:109BE000224890ED000AB7EEC00A8DED040B1E4826
:109BF00090ED000AB7EEC00A8DED020B194890ED0A
:109C0000000AB7EEC00A8DED000B20A2C82111A8F2
:109C100004F05EFB11A807F00BFCFBF79FFF174950
:109C2000086000BF012006F07FFD00BF2AE60000AB
:109C300010010024140100242C8200246808002450
:109C400098810024BC820024B082002404010024F6
:109C50000AD7A33C000000000AD7233D18010024C6
:109C600000803B4520010024240100242801002419
:109C7000DA0F4940DA0F49C0560EC9402C010024C2
:109C8000BC830024C882002468840024503D252E13
:109C9000326620523D252E326620593D252E3266F1
:109CA00020563D252E336620544C3D252E3266200D
:109CB00054523D252E326620464C3D252E316620DD
:109CC00046523D252E31660D0A0000000FB583B0C7
:109CD0000420FE4908800820FD490880DDE90310C2
:109CE00008730399059848730399069888730021AF
:109CF000039801740698029006F0D8FB0399486116
:109D0000069802900398406901900299F6F7A4FB27
:109D1000EE48008806994843029006F0C7FB039975
:109D20008861EA4800880699484302900398806950
:109D300001900299F6F790FBE448008806994843A1
:109D4000029006F0B3FB0399C861E04800880699C9
:109D5000484302900398C06901900299F6F77CFB92
:109D6000DA48008804994843029006F09FFB039963
:109D70000862D64800880499484302900398006A14
:109D800001900299F6F768FB0698029006F08EFBA8
:109D900003994862069802900398406A01900299DC
:109DA000F6F75AFBC948008804994843029006F028
:109DB0007DFB03990860C5480088049948430290D8
:109DC0000398006801900299F6F746FBBF480088A7
:109DD00006994843029006F069FB03994860BB4826
:109DE00000880699484302900398406801900299C0
:109DF000F6F732FBB548008805994843029006F013
:109E000055FB03998860B148008805994843029042
:109E10000398806801900299F6F71EFBAB48008812
:109E200004994843029006F041FB0399C1F8F00001
:109E3000A64800880499484302900398D0F8F0009F
:109E400001900299F6F708FB0398D0F8F000029011
:109E50000398007B019001220146DDE90230303099
:109E6000F7F773F99948008804994843029006F07F
:109E70001DFB0399C1F8F4009448008804994843F5
:109E800002900398D0F8F40001900299F6F7E4FAF2
:109E90000398D0F8F40002900398007B019001220F
:109EA0000146DDE902303830F7F74FF9059818B36D
:109EB0008648008805994843029006F0F7FA03990E
:109EC000C1F8F8008148008805994843029003983A
:109ED000D0F8F80001900299F6F7BEFA0398D0F88E
:109EE000F80002900398407B019001220146DDE9D1
:109EF00002304030F7F729F9744800880699484342
:109F0000029006F0D3FA0399C1F8FC006F4800886C
:109F10000699484302900398D0F8FC0001900299FA
:109F2000F6F79AFA0398D0F8FC0002900398807B29
:109F3000019001220146DDE902304830F7F705F9CA
:109F400062480088049948434843029006F0AEFAFC
:109F50000399C1F800015D480088049948434843CB
:109F600002900398D0F8000101900299F6F774FA74
:109F70000398D0F8000102900398007B01900398A9
:109F8000007B00900146DDE902305030019AF7F77E
:109F9000DCF84E480088049948434843029006F094
:109FA00085FA0399C1F80401484800880499484398
:109FB000484302900398D0F8040101900299F6F703
:109FC0004BFA0398D0F8040102900398007B0190AB
:109FD0000398007B00900146DDE902305830019A79
:109FE000F7F7B3F83948008804994843484302908A
:109FF00006F05CFA0399C1F8080134480088049916
:10A0000048434843029006F051FA0399C1F80C0105
:10A010002E48008804994843484302900398D0F89A
:10A02000080101900299F6F717FA28480088049968
:10A030004843484302900398D0F80C0101900299DC
:10A04000F6F70AFA0398D0F8080102900398007B0B
:10A0500001900398007B00900146DDE902306030FA
:10A06000019AF7F772F80398D0F80C010290039860
:10A07000007B01900398007B00900146DDE90230EF
:10A080006830019AF7F761F8059878B30F480088AF
:10A090000499484305994843029006F007FA03994A
:10A0A000C1F81401094800880499484305994843B8
:10A0B00002900398D0F8140101900299F6F7CCF9B8
:10A0C0000398D0F814010290039803E0980000244C
:10A0D0009A000024407B01900398007B0090014689
:10A0E000DDE902307830019AF7F72FF8B948008897
:10A0F0000699484304994843029006F0D7F903991A
:10A10000C1F81801B34800880499484306994843A8
:10A11000029006F0CBF90399C1F81C01AD48008804
:10A12000069948430499484302900398D0F81801CF
:10A1300001900299F6F790F9A648008804994843DF
:10A140000699484302900398D0F81C0101900299A7
:10A15000F6F782F90398D0F8180102900398007B73
:10A1600001900398807B00900146DDE90230803049
:10A17000019AF6F7EAFF0398D0F81C0102900398C1
:10A18000807B01900398007B00900146DDE902305E
:10A190008830019AF6F7D9FF8E4800880499484321
:10A1A0004843029006F082F90399C1F820018948DA
:10A1B000008804994843484302900398D0F820014E
:10A1C00001900299F6F748F90398D0F8200102901F
:10A1D0000398007B01900398007B00900146DDE925
:10A1E00002309030019AF6F7B0FF7A48008806995D
:10A1F00048434843029006F059F90399C1F82401F5
:10A200007448008806994843484302900398D0F860
:10A21000240101900299F6F71FF90398D0F8240160
:10A2200002900398807B01900398807B0090014608
:10A23000DDE902309830019AF6F787FF654800881B
:10A240000499484306994843029006F02FF9039970
:10A25000C1F828015F48008804994843069948439B
:10A2600002900398D0F8280101900299F6F7F4F8CB
:10A270000398D0F8280102900398807B01900398FE
:10A28000007B00900146DDE90230A030019AF6F72C
:10A290005CFF0398007B4F49098848430399097B79
:10A2A0004843029006F002F90399C1F82C01039883
:10A2B000007B4849098848430399097B4843029039
:10A2C00006F0F4F80399C1F830010398007B414986
:10A2D000098848430399097B4843029006F0E6F851
:10A2E0000399C1F834010398007B3A49098848432F
:10A2F000029006F0DBF80399C1F838010398007B5F
:10A30000344909884843029006F0D0F80399C1F80F
:10A310003C010398D0F82C0102900398007B019037
:10A320000398007B00900146DDE90230A830019AD5
:10A33000F6F70BFF0398D0F8300102900398007BEA
:10A3400001900398007B00900146DDE90230B030B7
:10A35000019AF6F7FAFE0398D0F8340102900398B8
:10A36000007B01900398007B00900146DDE90230FC
:10A37000B830019AF6F7E9FE0398D0F83801029058
:10A380000398007B019001220146DDE90230C030D4
:10A39000F6F7DBFE0398D0F83C0102900398007BAF
:10A3A000019001220146DDE90230C830F6F7CDFE0A
:10A3B0000021039880F82810039880F8291003984A
:10A3C00080F82A10039880F82B10039880F82C103E
:10A3D00007B000BD9800002470B50446E07B18B1BA
:10A3E0002046FFF793F911E0A37B0E4D2D8803FB68
:10A3F00005F26168D4F8FC00F6F715F8A27B094B6A
:10A400001B8802FB03F16068F6F726F8637B054DB5
:10A410002D8803FB05F2A168D4F8F800F6F703F8DD
:10A4200070BD00009800002410B5044694F82C007C
:10A4300068BBB4F8A000A4F8B0008220015BB22091
:10A440000153B4F8B000A4F8B8005A20015BBA2058
:10A45000015304F1B00204F1800104F1A000F6F709
:10A46000DFFF84F8D00004F1B80204F1580104F1D0
:10A47000B000F6F7D5FF84F8D00004F1500204F1E3
:10A48000B80104F15800F7F763F884F8D00010BD64
:10A4900010B5044694F8290068BB04F1680104F182
:10A4A0006000F7F7B5F884F8D00004F1580204F121
:10A4B000500104F16000F6F7B3FF84F8D000B4F85F
:10A4C0005800A4F8B0006A20015BB220015304F1E7
:10A4D000B00204F1680104F15800F6F7A1FF84F816
:10A4E000D00004F1580204F1900104F1B000F6F735
:10A4F000CDFD84F8D00010BD10B5044694F82A00B4
:10A50000002861D104F1880104F18000F7F780F898
:10A5100084F8D000B4F88000A4F8B0005A20015BA1
:10A52000B220015304F1B00204F1580104F180009B
:10A53000F6F776FF84F8D000B4F8B000A4F8B800BD
:10A540008A20015BBA20015304F1B80204F18801AA
:10A5500004F1B000F6F764FF84F8D000B4F8980076
:10A56000A4F8A8009A20015BAA20015304F1A802D4
:10A5700004F1980104F1B800F6F788FD84F8D000E2
:10A5800004F1B80104F1A800F6F7E4FD84F8D00066
:10A59000B4F85800A4F8B0008A20015BB22001533F
:10A5A00004F1B00204F1880104F15800F6F738FF15
:10A5B00084F8D00004F1A00204F1B80104F1B00065
:10A5C000F6F72EFF84F8D00010BD000070B50446E9
:10A5D0002046FFF701FFD4F8D40018B12046D4F884
:10A5E000D4108847204600F087F8D4F8D80018B176
:10A5F0002046D4F8D81088472046FFF749FFD4F802
:10A60000DC0018B12046D4F8DC108847207C08B95B
:10A61000E07BB8B92046FFF76FFFD4F8E00018B12F
:10A620002046D4F8E0108847204600F0A3F8D4F87C
:10A63000E40018B12046D4F8E41088472046FFF71C
:10A64000F3FE14E0237B2B4D2D8803FB05F2D4E9A8
:10A650003C01F5F7E8FE237B264D2D886B43257BD7
:10A6600003FB05F204F5807003C8F5F7DCFED4F8AF
:10A67000E80018B12046D4F8E8108847002022E00E
:10A68000227B00FB0202D4F8001101EB820191ED64
:10A69000000A216A01EB8001D1ED000AB4EEE00A64
:10A6A000F1EE10FA0DD2216A01EB800191ED000A62
:10A6B000227B00FB0202D4F8001101EB820181ED44
:10A6C000000A411CC8B2217B8142D9DC237B094DA1
:10A6D0002D8803FB05F2D4F8F0102068F5F7A3FEEF
:10A6E000D4F8EC0018B12046D4F8EC108847206864
:10A6F00070BD00009800002410B5044694F82800AE
:10A7000060BB607B00282ADD207BA4F8C00001210B
:10A71000C220015304F1C00204F1300104F16000D1
:10A72000F6F77EFE84F8D000207BA4F8C800012153
:10A73000CA20015304F1C80204F1400104F1780079
:10A74000F6F76EFE84F8D00004F1380204F1C80177
:10A7500004F1C000F6F79AFC84F8D00009E004F197
:10A76000380204F1300104F16000F6F759FE84F874
:10A77000D00010BD10B5044694F82B00E0BBB4F82F
:10A780008000A4F8C0000121C220015304F1C002DE
:10A7900004F1380104F18000F6F742FE84F8D0009D
:10A7A000B4F84800A4F8C8000121CA20015304F1FC
:10A7B000C80204F1C00104F14800F6F7C9FE84F8AC
:10A7C000D000B4F8A000A4F8C0000121C2200153B9
:10A7D00004F1C00204F1C80104F1A000F6F720FE64
:10A7E00084F8D00004F1300204F1C00104F1380013
:10A7F000F6F74CFC84F8D00010BDF0EE400A90ED66
:10A80000000A20EE200A20EE200A20EE200A90ED19
:10A81000011A21EE201A01EE200A90ED021A01EE33
:10A82000200A90ED031A30EE010A704708B500BF08
:10A830000E48006840F001000C49086008460068B6
:10A8400000F00100009000BF00BF002206210B2095
:10A85000FBF742FA0B20FBF72BFA002206210C2013
:10A86000FBF73AFA0C20FBF723FA08BDD84402584C
:10A8700010B51D481D4908600020886000211B4854
:10A88000C1600174417481740421416101218161BD
:10A890001321C1610521016204214162012181620C
:10A8A0001321C162052101630021416305218163F8
:10A8B000C1630421016408214164002181640821ED
:10A8C000C164002101650421416500218165C165E4
:10A8D000082101660021416608218166FAF74CFDD6
:10A8E00008B1F8F70BFB10BD00A000408C0300245A
:10A8F00010B51D481D4908600020886000211B48D4
:10A90000C16001744174817405214161012181613B
:10A910000E21C161052101624162012181620E2186
:10A92000C1620521016340F2563141630521816313
:10A93000C163002101640421416481640821C16470
:10A94000002101650421416500218165C165042163
:10A9500001660021416606218166FAF70DFD08B106
:10A96000F8F7CCFA10BD000000A400402C0400242D
:10A9700010B51D481D4908600020886000211B4853
:10A98000C1600174417481740521416101218161BB
:10A990000E21C161052101624162012181620E2106
:10A9A000C1620521016340F2AD614163052181630C
:10A9B000C1630221016404214164002181640421F6
:10A9C000C164002101650421416500218165C165E3
:10A9D000032101660021416604218166FAF7CCFC5F
:10A9E00008B1F8F78BFA10BD00D40040CC04002465
:10A9F00000B5A9B0012007F0A1F836490860012090
:10AA000007F09CF83449086000220121402007F03B
:10AA1000A6F8324908601422314924A8F5F703FD4D
:10AA2000002124A805F091FE2E49086014222C492B
:10AA300014311FA8F5F7F7FC00211FA805F085FECB
:10AA4000294908601422264928311AA8F5F7EBFC99
:10AA500000211AA805F079FE244908601422204933
:10AA60003C3115A8F5F7DFFC002115A805F06DFEB7
:10AA70001F49086014221A49503110A8F5F7D3FC79
:10AA8000002110A805F061FE1A490860142214493B
:10AA900064310BA8F5F7C7FC00210BA805F055FEA3
:10AAA0001549086014220E49783106A8F5F7BBFC59
:10AAB000002106A805F049FE142209498C3101A89D
:10AAC000F5F7B1FC002101A805F03FFE0B49086035
:10AAD00029B000BD14030024180300241C03002423
:10AAE0003C28010800000024040000240800002481
:10AAF0000C0000241000002414000024180000247E
:10AB000000B587B0142102A8F5F7A6FC00BF554890
:10AB1000006840F00400534908600846006800F0EF
:10AB20000400019000BF00BF00BF0846006840F06D
:10AB3000800008600846006800F08000019000BFB7
:10AB400000BF00BF0846006840F0010008600846EA
:10AB5000006800F00100019000BF00BF00BF084680
:10AB6000006840F0020008600846006800F002003B
:10AB7000019000BF00BF00BF0846006840F0100011
:10AB800008600846006800F01000019000BF00BF98
:10AB900000BF0846006840F00800086008460068EA
:10ABA00000F00800019000BF00BF00224FF4604198
:10ABB0002D48FAF7CDFF012209212B48FAF7C8FFEB
:10ABC000012204212948FAF7C3FF01224FF408515A
:10ABD0002748FAF7BDFF4FF4604002900120039030
:10ABE00000200490059002A91F48FAF7B1FE092041
:10ABF000029001200390002004900320059002A9F8
:10AC00001948FAF7A5FE01200290002003900120C8
:10AC1000049002A91548FAF79BFE04200290012037
:10AC2000039004900320059002A91048FAF790FEC3
:10AC30004FF40850029001200390049003200590E7
:10AC400002A90B48FAF784FE4FF4A05002904FF48B
:10AC5000881003900020049002A90548FAF778FEB6
:10AC600007B000BDE0440258000802580000025836
:10AC70000010025810B51648164908604FF48000BD
:10AC800048600021134881600721C1604FF00071C6
:10AC9000016149104161890081610901C16100219F
:10ACA000016241628162C1624FF0804141630021D3
:10ACB0008163C163016441648164C164016541656C
:10ACC0008165FDF751F908B1F8F718F910BD0000DA
:10ACD000003800406C05002400B58BB000200890BF
:10ACE00009900A901C2101A8F5F7B6FB18481949EC
:10ACF00008601720486000211648816040F2CF713B
:10AD0000C160002101618161FDF741FF08B1F8F7E1
:10AD1000F5F8002008900A9008A90E48FDF740FCBD
:10AD200008B1F8F7EBF8602001904FF47A700290C8
:10AD3000002003900590042201A90648FDF76FFE4C
:10AD400008B1F8F7DBF80348FDF718FE0BB000BDBB
:10AD5000001800403007002400B58BB00020089098
:10AD600009900A901C2101A8F5F776FB18481949AB
:10AD700008601720486000211648816042F20F7178
:10AD8000C1600021016180218161FDF700FF08B1F0
:10AD9000F8F7B4F8002008900A9008A90D48FDF7CC
:10ADA000FFFB08B1F8F7AAF860200190002002909C
:10ADB000039005900C2201A90648FDF730FE08B16A
:10ADC000F8F79CF80348FDF7D9FD0BB000BD000073
:10ADD00000040040E406002410B518481849086033
:10ADE0004FF4E1304860002115488160C160016185
:10ADF0000C21416100218161C16101624162002039
:10AE00000F4988620846FEF735FB08B1F8F776F877
:10AE100000210B48FEF7B2F808B1F8F76FF80021EF
:10AE20000748FEF77CF808B1F8F768F80448FEF721
:10AE30004DF808B1F8F762F810BD000000100140AD
:10AE40007C07002400BFFEE700BFFEE700BF00F064
:10AE500001F8FCE72DED028B02E0012005F064FC17
:10AE60005D4890F890000028F7D05C4807F088FC17
:10AE7000B0E05B4890ED410AB1EE400A5648D0ED93
:10AE8000040A30EE600A5748D0ED0E0A30EE200A70
:10AE9000554880ED000A5348D0ED210AB0EE600A13
:10AEA000F6F7ACF84F48D0ED0B0A90ED221A60EEA1
:10AEB000810A20EE208A4C4890ED000ADFED4B0A13
:10AEC00000EE208A4748D0ED210AB0EE600AF6F77E
:10AED000F9FB4448D0ED250A00EE808A444880ED15
:10AEE000008A3F4890ED500AB1EE400A3A48D0ED52
:10AEF000040A30EE200A3F48D0ED0E0A30EE200A58
:10AF00003D4880ED000A3B48D0ED210AB0EE600AD2
:10AF1000F6F774F83748D0ED0B0A90ED221A60EE80
:10AF2000810A20EE208A344890ED000ADFED2F0AD6
:10AF300000EE208A2F48D0ED210AB0EE600AF6F725
:10AF4000C1FB2C48D0ED250A00EE808A2B4880ED0D
:10AF5000008A274890ED000A2848D0ED000A30EE1C
:10AF6000600AF0EE000A80EE201A254880ED001AF3
:10AF70001948D0ED0E0AB0EE600A2148D0ED000A63
:10AF8000164807F037FC1F4890ED000A144880ED82
:10AF9000660A1D4890ED000AB8EE400A9FED1B1AA4
:10AFA000C0EE010A0E4890ED670A90ED661A01EEB8
:10AFB000200A80ED670A16480068401C14490860A2
:10AFC000084600680A2801D3002008600E4800687F
:10AFD00005F0AAFB4DE70000988100246887002453
:10AFE00068840024BC830024B402002422FD763D42
:10AFF000BC020024C8820024B8020024C00200243D
:10B00000C4020024A4020024AC02002400007A44FC
:10B01000B0020024B0EE401A10B99FED790A7047D3
:10B0200090ED100A80ED110A90ED0F0A80ED100AE4
:10B03000C0ED060A80ED071A30EEC10A80ED0F0A56
:10B040000178002975D190ED010AD0ED0F1A20EE9C
:10B05000210A80ED090A90ED0A0AD0ED021A90ED5E
:10B060000F2A01EE820A80ED0A0A90ED0D0A80EDAA
:10B070000E0A90ED0C0A80ED0D0A90ED0F0AD0ED4E
:10B08000101A30EE610A80ED0C0A90ED030AD0ED43
:10B090000C1A20EE210A80ED0B0A90ED0A0AD0ED81
:10B0A000051AB4EEE10AF1EE10FA04DD90ED050A9E
:10B0B00080ED0A0A10E090ED0A0AD0ED051AF1EED3
:10B0C000611AB4EEE10AF1EE10FA05D290ED050A2C
:10B0D000B1EE400A80ED0A0A90ED090AD0ED0A1A95
:10B0E00030EE210AD0ED0B1A30EE210A80ED080A6D
:10B0F00090ED080AD0ED041AB4EEE10AF1EE10FA70
:10B1000004DD90ED040A80ED080A76E090ED080A6F
:10B11000D0ED041AF1EE611AB4EEE10AF1EE10FA84
:10B120006BD290ED040AB1EE400A80ED080A64E0AB
:10B13000FFE70178012960D190ED0F0AD0ED101AD8
:10B1400030EE610AD0ED011A20EE210A80ED090AE5
:10B1500090ED020AD0ED0F1A20EE210A80ED0A0AC6
:10B1600090ED0D0A80ED0E0A90ED0C0A80ED0D0AAF
:10B1700090ED0F0AD0ED101AB0EE002A02EE610A2F
:10B18000D0ED111A30EE210A80ED0C0A90ED030A81
:10B19000D0ED0C1A20EE210A80ED0B0A90ED090A81
:10B1A000D0ED0A1A30EE210AD0ED0B1A30EE210A4A
:10B1B000D0ED081A30EE210A80ED080A90ED080A59
:10B1C000D0ED041AB4EEE10AF1EE10FA04DD90EDD0
:10B1D000040A80ED080A10E090ED080AD0ED041A88
:10B1E000F1EE611AB4EEE10AF1EE10FA05D290ED3B
:10B1F000040AB1EE400A80ED080A90ED080A0EE755
:10B200000000000000B102B97047017092ED001A11
:10B2100080ED011A92ED011A80ED021A92ED021AE8
:10B2200080ED031A80ED040AC0ED050A9FED0C1AAB
:10B2300080ED0E1A80ED0D1A80ED0C1A9FED081AA4
:10B2400080ED081A80ED0B1A80ED0A1A80ED091ABC
:10B2500080ED111A80ED101A80ED0F1A00BFD3E7B0
:10B260000000000001460148405C7047C48800248B
:10B27000002004E00021034A1154411CC8B20928EF
:10B28000F8DB7047C488002438B5044601200090DC
:10B290000020244948700120009039E0BDF80000EA
:10B2A000204028B1012204211F48FAF751FC04E094
:10B2B000002204211C48FAF74BFC012251031B48D1
:10B2C000FAF746FC9FED1A0AF7F760FC00224FF4EC
:10B2D00000511648FAF73CFC9FED150AF7F756FCAB
:10B2E000012251031148FAF733FC01210E48FAF705
:10B2F00027FC30B10B484078BDF8001008430949DD
:10B300004870BDF800004FF6FF7101EA4000009060
:10B31000BDF80000FF28C1DD9FED060AF7F736FCF7
:10B3200038BD0000C48800240000025800100258F4
:10B33000ACC5A736BD37863710B5FFF799FF00F0CB
:10B340008DF80F48C0780E49097940EA01200D496F
:10B35000088000240FE00C4810F81400401E012162
:10B3600001FA00F007490988084010B9601CC0B212
:10B3700010BD601CC4B2102CEDDB0020F8E700000B
:10B38000C4880024C8020024CC02002410B5002286
:10B390004FF400711548FAF7DBFB9FED150AF7F73C
:10B3A000F5FB0120FFF770FF4320FFF76DFF002042
:10B3B000FFF76AFF0120FFF767FF0020FFF764FF38
:10B3C0000020FFF761FF0020FFF75EFF0020FFF77E
:10B3D0005BFF0020FFF758FF012251020348FAF7F4
:10B3E000B7FB9FED030AF7F7D1FB10BD0010025821
:10B3F000BD37863710B500224FF400711548FAF7B3
:10B40000A7FB9FED150AF7F7C1FB0120FFF73CFFF3
:10B410004320FFF739FF0020FFF736FF0020FFF73A
:10B4200033FF5A20FFF730FF5A20FFF72DFF5A2035
:10B43000FFF72AFF5A20FFF727FF5A20FFF724FFC4
:10B44000012251020348FAF783FB9FED030AF7F745
:10B450009DFB10BD00100258BD3786371CB500207B
:10B46000019001200090002241022B48FAF770FB66
:10B470002A490878FFF708FF28494878FFF704FFB2
:10B48000022001903EE0012000902EE001225103B5
:10B490002148FAF75DFB9FED220AF7F777FB0022C0
:10B4A0004FF400511C48FAF753FB9FED1D0AF7F7C4
:10B4B0006DFB012251031848FAF74AFB0121194894
:10B4C000FAF73EFB50B118489DF80410405CBDF8F7
:10B4D0000010084314499DF804208854BDF800006A
:10B4E0004FF6FF7101EA40000090BDF80000FF2810
:10B4F000CCDD9FED0E0AF7F749FB9DF80400401CD8
:10B50000C0B201909DF804000928BCDB0122510261
:10B510000148FAF71DFB1CBD00100258CA020024A6
:10B52000ACC5A73600000258C4880024BD37863752
:10B5300010B500F00BF800F009F800F007F8FFF77D
:10B5400025FF00F02FF8FFF755FF10BD10B50022C2
:10B550004FF400710F48FAF7FBFA9FED0F0AF7F767
:10B5600015FB0120FFF790FE4220FFF78DFE002023
:10B57000FFF78AFE0020FFF787FE0020FFF784FE1A
:10B58000012251020348FAF7E3FA9FED030AF7F7A5
:10B59000FDFA10BD00100258BD37863700BF05F018
:10B5A000D7FDFCE710B500224FF400711348FAF7FD
:10B5B000CFFA0120FFF768FE4420FFF765FE002068
:10B5C000FFF762FE0120FFF75FFE0320FFF75CFE3E
:10B5D0000020FFF759FE0020FFF756FE0020FFF77E
:10B5E00053FE0020FFF750FE012251020348FAF7F4
:10B5F000AFFA9FED030AF7F7C9FA10BD0010025821
:10B60000BD37863770B52DED028B05460C46B0EE82
:10B61000408A2146284600F045FA012084F8C401FA
:10B6200094F8DE01F8B19FEDEA0A84ED570A9FED28
:10B63000E80A84ED560A94ED670A84ED580A94ED01
:10B640006D0A84ED590A9FEDE20A84ED640A9FEDCC
:10B65000E10A04F5C671081D05F090FE288868808F
:10B66000BDEC028B70BD6888042833D0288804287C
:10B6700030D194F8C40168BB012084F8C40194F867
:10B68000C50130BB94ED680ADFEDD30AB4EEE00AE1
:10B69000F1EE10FA08D294ED680ADFEDD00AB4EEAC
:10B6A000E00AF1EE10FA11DC94ED680ADFEDCC0A45
:10B6B000B4EEE00AF1EE10FA1BDD94ED680ADFED5E
:10B6C000C90AB4EEE00AF1EE10FA12D2012084F8B1
:10B6D000C5010EE0688804280BD02888042808D10A
:10B6E00094F8C401012804D1002084F8C40184F82E
:10B6F000C501688809283FD0288809283CD1BA4864
:10B700000078401CB849087008460078022801DD1E
:10B7100000200870B448007828B9B6EE000AB34893
:10B7200080ED000A12E0B0480078012805D1B7EE9C
:10B73000000AAE4880ED000A08E0AB480078022815
:10B7400004D1B7EE080AA94880ED000AA64800789F
:10B75000401CA74908700120A6490870FAF7FEF9B5
:10B76000A54908604FF4FA720421A44801F034F8A6
:10B770000421A248FDF770FA9E48007800283BDDBE
:10B78000FAF7ECF906469B48007801281BD19A4845
:10B790000068301A642816D304219848FDF71AFB74
:10B7A0009548066092480078401E91490870084606
:10B7B0000078002803DD02208E4908701BE000207D
:10B7C0008C49087017E08B480078022813D18A480A
:10B7D0000068301A64280ED34FF4FA7204218748A7
:10B7E00000F0FAFF04218548FDF736FA824806602A
:10B7F00001208049087000BF2888688094F8C4013F
:10B80000012875D128880B2804D1B6EE000A84EDF2
:10B81000570A11E0B5F90A00803800EE100AB8EEB8
:10B82000C00ADFED770A20EE200A7048D0ED000A4A
:10B8300020EE200A84ED570A9FED720A04F5AC71E0
:10B84000081D05F09BFD94ED580AD4ED560A00EE54
:10B85000880A84ED580A94ED590AB5F908007F3832
:10B8600000EE900AF8EEE00A9FED671A00EE810AFA
:10B8700084ED590AB5F906007D2803DCB5F9060008
:10B8800082280EDA94ED5B0AB5F90600803800EEE6
:10B89000900AF8EEE00A9FED5D1A00EE810A84ED51
:10B8A0005B0AB5F90400782803DCB5F904008728A1
:10B8B0000EDA94ED590AB5F90400803800EE900ACA
:10B8C000F8EEE00A9FED501A00EE810A84ED590A65
:10B8D0002888082804D19FED4E0A84ED640A0CE004
:10B8E0002888062805D19FED4B0A84ED640A04E000
:10B8F00058E09FED370A84ED640A9FED360A04F59F
:10B90000C671081D05F03AFD2946204604F0DEF90F
:10B9100094ED5B0A84ED5E0A94ED5B0A84ED5F0AA8
:10B92000DFED3D0A9FED3D0A04F5BC7004F0E8FE32
:10B93000DFED390A9FED390A04F5BE7004F0E0FE30
:10B94000D4ED610A94ED5E1A30EEC10AF0EEC00A41
:10B950009FED330AF4EEC00AF1EE10FA0EDCD4EDDE
:10B96000620A94ED5F1A30EEC10AF0EEC00A9FED54
:10B970002C0AF4EEC00AF1EE10FA06DD0120294986
:10B9800081F8A900284981F8A90094ED5B0A84EDAB
:10B99000600A94ED5E0A84ED610A94ED5F0A84ED1D
:10B9A000620A12E094F8C40178B99FED090A84EDA7
:10B9B000560A94ED670A84ED580A94ED6D0A84EDF9
:10B9C000590A9FED1A0A84ED5B0A00BF48E60000A1
:10B9D000000000008FC2F53BDA0F49BFDA0FC9BF84
:10B9E000DA0F493FDA0FC93F0C0300240803002493
:10B9F0000D0300240E03002410030024300700244C
:10BA00006F1203BC0AD7A33B6F1283B982A87BB71E
:10BA1000CDCCCC3ECDCCCCBE3D0A573E8FC2753D81
:10BA200017B7D138BC830024C88200240AD7A33DAD
:10BA300010B50446FFF780FC20800720FFF712FCBA
:10BA4000A0800820FFF70EFCE0800520FFF70AFC2D
:10BA500020810620FFF706FC6081B4F90A00FF2868
:10BA600003DCB4F90A00C02807DCB4F90A00402856
:10BA700005DAB4F90A00002801DB7F202081B4F93F
:10BA80000800FF2803DCB4F90800C02807DCB4F97B
:10BA90000800402805DAB4F90800002801DB8020FE
:10BAA000608110BD70B506460D46FAF757F804469A
:10BAB0003B480078002842DD39480078012815D13C
:10BAC00038480068201A642810D304213648FDF74E
:10BAD00081F93448046095F8DE0118B90020304936
:10BAE00008702CE002202E49087028E02C480078CD
:10BAF000022814D12B480068201A64280FD34FF471
:10BB0000FA720421284800F067FE04212648FDF758
:10BB1000A3F8244804600320214908700FE020485E
:10BB2000007803280BD11F480068201A642806D328
:10BB300004211D48FDF74EF90020194908701B48E3
:10BB4000007818BB30880D2820D119480068201AC9
:10BB5000B0F5FA7F1AD91648046095F8DE0108B9E5
:10BB6000012000E0002085F8DE014FF4FA72042184
:10BB70000D4800F031FE04210B48FDF76DF8F9F790
:10BB8000EDFF0849086001200549087030880D283C
:10BB900001D1012000E000200449087070BD0000C0
:10BBA000040300240003002430070024F8020024CA
:10BBB000FC02002470B505460C46DFED090AB0EE24
:10BBC000000A084A00212846FFF71CFBDFED040AA3
:10BBD000B7EE000A044A00212046FFF713FB70BDB0
:10BBE00000000000902901089C29010800B5AFB0B1
:10BBF000B8216846F4F730FC4FF400410020CDE94D
:10BC0000001018200290C82103910221049105918F
:10BC100006910021079120210891002109914FF000
:10BC200000501B906846FAF71BFB08B1F7F766F95E
:10BC30002FB000BD2DE9F04104460E4600275548BF
:10BC4000006800F00300032802D10120BDE8F08164
:10BC500050482838006820F080604E492839086034
:10BC6000F9F77CFF054606E0F9F778FF401B02284C
:10BC700001D90320EAE7474828380068C0F3C060CC
:10BC80000028F1D100BF4348006820F47C302168CF
:10BC900040EA01303F490860A088401EC0F3080018
:10BCA000A168491E4FF47E4202EA41210843A1895E
:10BCB000491ED20102EA01410843217C491E1202B9
:10BCC00002EA0161084333491031086000BF31487E
:10BCD000001D006820F0C000616908432D49091D5E
:10BCE00008600846006820F02000A169084329493F
:10BCF000091D08600846006820F01000086025480B
:10BD0000143000684FF6F8718843E16940EAC100D9
:10BD10002049143108601F48001D006840F01000E1
:10BD20001C49091D08602EB90846006840F400202F
:10BD3000086012E0012E08D11648001D006840F48A
:10BD400080101449091D086007E01248001D0068B2
:10BD500040F400100F49091D08600E48283800689B
:10BD600040F080600B4928390860F9F7F7FE054676
:10BD700006E0F9F7F3FE401B022801D9032065E72E
:10BD8000044828380068C0F3C0600028F1D0384665
:10BD90005CE70000284402582DE9F04104460E46B5
:10BDA00000275548006800F00300032802D1012055
:10BDB000BDE8F08150482838006820F080504E4996
:10BDC00028390860F9F7CAFE054606E0F9F7C6FE0D
:10BDD000401B022801D90320EAE7474828380068B9
:10BDE000C0F340700028F1D100BF4348006820F044
:10BDF0007C70218840EA01503F490860A088401EBD
:10BE0000C0F30800A168491E4FF47E4202EA4121B6
:10BE10000843A189491ED20102EA01410843217C5D
:10BE2000491E120202EA01610843334918310860D1
:10BE300000BF3148001D006820F44060616908437C
:10BE40002D49091D08600846006820F40070A169AA
:10BE500008432949091D08600846006820F48070DD
:10BE6000086025481C3000684FF6F8718843E16986
:10BE700040EAC10020491C3108601F48001D0068CD
:10BE800040F480701C49091D08602EB908460068FE
:10BE900040F48000086012E0012E08D11648001D11
:10BEA000006840F400001449091D086007E01248CA
:10BEB000001D006840F080700F49091D08600E48A1
:10BEC0002838006840F080500B4928390860F9F79D
:10BED00045FE054606E0F9F741FE401B022801D960
:10BEE000032065E7044828380068C0F34070002844
:10BEF000F1D038465CE7000028440258D0ED0D4AE6
:10BF000064EEA44AB0EE640AD0ED0E4A64EEA44A90
:10BF1000F0EE640AD0ED0F4A64EEA44AB0EE641A63
:10BF2000D0ED0C4A90ED0D5A64EE854AF0EE641A9D
:10BF3000D0ED0C4A90ED0E5A64EE854AB0EE642ABC
:10BF4000D0ED0C4A90ED0F5A64EE854AF0EE642A6B
:10BF5000D0ED0D4A90ED0E5A64EE854AB0EE643A8B
:10BF6000D0ED0D4A90ED0F5A64EE854AF0EE643A3A
:10BF7000D0ED0E4A90ED0F5A64EE854AB0EE644A59
:10BF8000F7EE004AB0EE005A45EE604AB0EE005AB5
:10BF900045EE414AC0ED104A73EE624AB0EE005AD7
:10BFA00064EE854AC0ED114A73EE824AB0EE005A43
:10BFB00064EE854AC0ED124A73EE224AB0EE005A92
:10BFC00064EE854AC0ED134AF7EE004AB0EE005A1F
:10BFD00045EE404AB0EE005A45EE414AC0ED144AE3
:10BFE00074EE614AB0EE005A64EE854AC0ED154A1F
:10BFF00073EEC24AB0EE005A64EE854AC0ED164AAE
:10C0000074EE214AB0EE005A64EE854AC0ED174A3C
:10C01000F7EE004AB0EE005A45EE404AB0EE005A44
:10C0200045EE604AC0ED184A7047000010B502485E
:10C03000FBF750FE10BD00006C050024026851693A
:10C040000268926942F0080203689A610268926984
:10C0500042F0100203689A610268126822F001023D
:10C0600003681A600268126940F26F339A430368EA
:10C070001A610268926822F4404203689A6090F85C
:10C080008120042A0ED001F020025AB1D0F8842079
:10C0900042F08002C0F884200268926942F02002D7
:10C0A00003689A6190F88120032A0ED001F04002C3
:10C0B0005AB1D0F8842042F00402C0F8842002680B
:10C0C000926942F0400203689A6101F400725AB129
:10C0D000D0F8842042F00102C0F8842002689269FE
:10C0E00042F4007203689A6101F480725AB1D0F888
:10C0F000842042F00802C0F884200268926942F469
:10C10000807203689A610022A0F86220A0F86A2079
:10C11000704770B50546AC6B0020623420812080EA
:10C120000120E077623C2046FBF7D2FD70BD10B5E0
:10C1300001460124C86B04EB5013C868421CD01D93
:10C14000C20802FB03F010BD2DE9F04106460D4682
:10C1500017461C46DDF818800BE0F9F7FFFCA0EB52
:10C160000800A04201D3601C00B914B90320BDE847
:10C17000F081306840692840A84201D1012000E0E8
:10C180000020B842E9D00020F1E700BF012004F010
:10C19000CBFAFBE710B500BF502080F31188BFF346
:10C1A0004F8FBFF36F8F00BF06F0B8F818B14FF094
:10C1B00080500449086000BF002080F3118800BF50
:10C1C00010BD000004ED00E000B59DB04C210AA8B0
:10C1D000F4F742F9202102A8F4F73EF90220F9F71A
:10C1E000CDFD00BF002001902348006820F44040AE
:10C1F000214908600846006800F44040019000BFF3
:10C2000000BF00BF1C48006800F40050B0F5005F9C
:10C21000F8D101200A9000040B9002201390022113
:10C22000149115912821169101211791022118913D
:10C2300019910C211A9100211B911C910AA8FBF75E
:10C2400099F908B1F6F75AFE3F20029003200390B7
:10C2500000200490082005904020069007900001DF
:10C26000089040200990032102A8FAF75DFE08B16A
:10C27000F6F744FE1DB000BD184802582F4800686C
:10C2800040F470002D4908602D48006800F00F0050
:10C29000072806D22A48006820F00F00C01D284950
:10C2A00008602848006840F0010026490860002026
:10C2B0002449103108602348006823490840214977
:10C2C00008601F48006800F00F00072806D91C48C6
:10C2D000006820F00F00C01D1949086000201949AE
:10C2E00018310860091D0860091D086017481549C4
:10C2F000283108601648091D08601648091D0860A5
:10C300000020091D08601348091D08600020091D50
:10C3100008601048091D08600020091D08600948D0
:10C32000006820F48020074908600020054960313A
:10C33000086043F2D20008490860704788ED00E0C9
:10C3400000200052004402587FEDF6EA000202028B
:10C350000000FF01800201010040005210B50248B8
:10C36000FCF72FFA10BD00001008002410B5026879
:10C370002C4B98420ED0B0F1804F0BD02A4B9842F4
:10C3800008D02A4B984205D0294B984202D0294B1D
:10C39000984203D122F070024B681A43214B984215
:10C3A0001DD0B0F1804F1AD01F4B984217D01F4BB1
:10C3B000984214D01E4B984211D01E4B98420ED07A
:10C3C0001D4B98420BD01D4B984208D01C4B9842F5
:10C3D00005D01C4B984202D01B4B984203D122F44B
:10C3E0004072CB681A4322F080034C6943EA04028E
:10C3F00002608B68C3620B6883620A4B98420BD061
:10C400000C4B984208D00C4B984205D00B4B9842ED
:10C4100002D00B4B984201D10B69036301234361A6
:10C4200010BD000000000140000400400008004072
:10C43000000C004000040140004001400044014065
:10C440000048014000E0004000E4004030B501F049
:10C450001F05012404FA05F3046A9C430462046A7C
:10C4600001F01F0502FA05F52C43046230BD0000FF
:10C4700030B5056A25F001050562026A43688469E2
:10C48000204D2C4024F003040D682C4322F00202BE
:10C490008D682A431C4DA84200D10FE01B4DA842D5
:10C4A00000D10BE01A4DA84200D107E0194DA84277
:10C4B00000D103E0184DA84206D100BF22F00802C7
:10C4C000CD682A4322F004020F4DA8420BD00F4D35
:10C4D000A84208D00E4DA84205D00E4DA84202D069
:10C4E0000D4DA84207D123F4807323F400734D69E6
:10C4F0002B438D692B43436084614D684563026221
:10C5000030BD00008FFFFEFF00000140000401402D
:10C5100000400140004401400048014030B5056A38
:10C5200025F010050562026A43688469224D2C409B
:10C5300024F440740D6844EA052422F020028D683A
:10C5400042EA05121D4DA84200D10FE01C4DA84241
:10C5500000D10BE01B4DA84200D100BF1A4DA842EC
:10C5600000D100BF194DA84207D106E022F0800299
:10C57000CD6842EA051222F04002104DA8420BD0CD
:10C580000F4DA84208D00F4DA84205D00E4DA8422D
:10C5900002D00E4DA84209D123F4806323F4006336
:10C5A0004D6943EA85038D6943EA850343608461ED
:10C5B0004D688563026230BDFF8FFFFE00000140C1
:10C5C0000004014000400140004401400048014097
:10C5D00030B5056A25F480750562026A4368C4694E
:10C5E000224D2C4024F003040D682C4322F40072E9
:10C5F0008D6842EA05221E4DA84200D10FE01D4D74
:10C60000A84200D10BE01C4DA84200D100BF1B4D39
:10C61000A84200D100BF1A4DA84207D106E022F47B
:10C620000062CD6842EA052222F48062104DA842E1
:10C630000BD0104DA84208D00F4DA84205D00F4D89
:10C64000A84202D00E4DA84209D123F4805323F40E
:10C6500000534D6943EA05138D6943EA05134360AE
:10C66000C4614D68C563026230BD00008FFFFEFFEC
:10C67000000001400004014000400140004401402E
:10C680000048014030B5056A25F480550562036A0B
:10C690004468C269124D2A4022F440720D6842EA91
:10C6A000052223F400538D6843EA05330D4DA8425B
:10C6B0000BD00D4DA84208D00C4DA84205D00C4D12
:10C6C000A84202D00B4DA84204D124F480444D6905
:10C6D00044EA85144460C2614D680564036230BD5C
:10C6E000FF8FFFFE000001400004014000400140B8
:10C6F000004401400048014030B5056A25F480350A
:10C700000562026A4368446D114D2C400D682C434C
:10C7100022F400320D8942EA05420E4DA8420BD0A8
:10C720000D4DA84208D00D4DA84205D00C4DA84291
:10C7300002D00C4DA84204D123F480334D6943EA62
:10C740000523436044654D688565026230BD000085
:10C750008FFFFEFF00000140000401400040014047
:10C76000004401400048014030B5056A25F48015B9
:10C770000562026A4368446D114D2C400D6844EA1D
:10C78000052422F400120D8942EA05520D4DA842FB
:10C790000BD00D4DA84208D00C4DA84205D00C4D31
:10C7A000A84202D00B4DA84204D123F480234D6946
:10C7B00043EA8523436044654D68C565026230BD28
:10C7C000FF8FFFFE000001400004014000400140D7
:10C7D00000440140004801400368DB6A934202D2F2
:10C7E0000368DB6A9AB231B1042907D0082908D05E
:10C7F0000C290CD108E003685A6308E003689A63C7
:10C8000005E00368DA6302E003681A6400BF00BF52
:10C810007047000070B5456E2DB90125A0F86A502B
:10C82000A0F868501CE0102310240568AD68C5F31B
:10C8300042610568AD686A0F0A4DAD5C15FB04F5F1
:10C84000094EB65C95FBF6F5A0F86A50054D6D5C97
:10C8500015FB03F5044E765C95FBF6F5A0F86850E1
:10C8600070BD0000582901086029010890F82810BF
:10C8700001F0010139B10168496821F40031C26A4F
:10C8800011430268516090F8281001F0020102295A
:10C8900007D10168496821F48031026B11430268B5
:10C8A000516090F8281001F00401042907D10168B3
:10C8B000496821F48021426B11430268516090F86D
:10C8C000281001F00801082907D10168496821F4FE
:10C8D0000041826B11430268516090F8281001F00A
:10C8E0001001102907D10168896821F48051C26BB9
:10C8F00011430268916090F8281001F0200120296E
:10C9000007D10168896821F40051026C1143026863
:10C91000916090F8281001F04001402913D101687E
:10C92000496821F48011426C114302685160416CE6
:10C93000B1F5801F07D10168496821F4C001826CFC
:10C9400011430268516090F8281001F0800180299D
:10C9500007D10168496821F40021C26C11430268C3
:10C960005160704738B504460020C4F89000F9F7CC
:10C97000F5F805462068006800F00800082821D175
:10C980006FF07E402B4600224FF4001100902046AD
:10C9900000F084FFB0B100BF00BF216851E8001F64
:10C9A00021F08000226842E800010029F5D100BF93
:10C9B0002020C4F8880000BF002084F8840000BF55
:10C9C000032038BD2068006800F00400042830D13E
:10C9D0006FF07E402B4600224FF4800100902046ED
:10C9E00000F05CFF28B300BF00BF216851E8001FC2
:10C9F00021F49070226842E800010029F5D100BFBF
:10CA000000BF00BF2168083151E8001F21F001007C
:10CA10002168083141E80002002AF3D100BF20203C
:10CA2000C4F88C0000BF002084F8840000BF0320FD
:10CA3000C7E72020C4F88800C4F88C000020E06616
:10CA4000206700BF84F8840000BF00BFB9E710B5BD
:10CA500004460A2003F068FE10BD044600BF2046CD
:10CA6000FFF7F5FFFBE770B50546AC6B0020A4F8B7
:10CA70005E00A4F856002046FCF7B1FA70BD000035
:10CA800000BF00BF026852E8002F22F490710368D3
:10CA900043E80012002AF5D100BF00BF00BF0268C2
:10CAA000083252E8002F104B02EA030102680832F4
:10CAB00042E80013002BF2D100BFC16E01290CD156
:10CAC00000BF00BF026852E8002F22F01001036887
:10CAD00043E80012002AF5D100BF2021C0F88C10D5
:10CAE0000021C16641677047FEFFFFEF10B50446A5
:10CAF00000BF00BF216851E8001F21F040002268FC
:10CB000042E800010029F5D100BF2020C4F88800C8
:10CB10000020A0672046FCF7F8FD10BD2DE9F0418C
:10CB20000446B4F86070D4F88C0022286ED12068D6
:10CB3000406A86B2A56D06EA07002880A06D801CB9
:10CB4000A065B4F85E00401EA4F85E00B4F85E0074
:10CB5000002861D100BF00BF216851E8001F21F407
:10CB60009070226842E800010029F5D100BF00BFA3
:10CB700000BF2168083151E8001F21F00100216841
:10CB8000083141E80002002AF3D100BF2020C4F898
:10CB90008C0000206067206720492068884211D0FF
:10CBA0002068406800F4000060B100BF00BF216849
:10CBB00051E8001F21F08060226842E8000100294E
:10CBC000F5D100BFE06E01281CD10020E06600BF57
:10CBD00000BF216851E8001F21F01000226842E8E0
:10CBE00000010029F5D100BF2068C069C0F3001022
:10CBF00010B1102021680862B4F85C102046FCF7E0
:10CC00008CF909E02046FCF7F5FC05E02068806916
:10CC100040F0080021688861BDE8F081000C0058F0
:10CC20002DE9F84F0446B4F860B02068C569206863
:10CC3000006800902068D0F808A0D4F88C00222862
:10CC40007ED1B4F86890ADE02068406A1FFA80F8A1
:10CC5000A76D08EA0B003880A06D801CA065B4F8B1
:10CC60005E00401EA4F85E002068C56905F007005C
:10CC7000B0B305F0010060B1009800F4807040B1DD
:10CC8000012021680862D4F8900040F00100C4F847
:10CC9000900005F0020058B10AF0010040B10220F6
:10CCA00021680862D4F8900040F00400C4F89000B5
:10CCB00005F0040058B10AF0010040B104202168D9
:10CCC0000862D4F8900040F00200C4F89000D4F854
:10CCD000900028B12046FCF782F90020C4F89000AB
:10CCE000B4F85E0000285DD100BF00BF216851E8A4
:10CCF000001F21F48070226842E800010029F5D16C
:10CD000000BF00BF00BF2168083151E8001F404A42
:10CD100001EA02002168083141E80002002AF2D14C
:10CD200000BF2020C4F88C000020606720673949CC
:10CD30002068884213D02068406800F4000000E0BA
:10CD40005DE060B100BF00BF216851E8001F21F025
:10CD50008060226842E800010029F5D100BFE06E42
:10CD600001281CD10020E06600BF00BF216851E807
:10CD7000001F21F01000226842E800010029F5D1CF
:10CD800000BF2068C069C0F3001010B110202168F6
:10CD90000862B4F85C102046FCF7BFF802E02046B9
:10CDA000FCF728FCB9F1000F04D005F020000028A2
:10CDB0007FF44AAFB4F85E6006B3B4F86800B042DE
:10CDC00023DD00BF00BF2168083151E8001F21F0BA
:10CDD00080502168083141E80002002AF3D100BFE9
:10CDE0000D48606700BF00BF216851E8001F41F097
:10CDF0002000226842E800010029F5D105E0206802
:10CE0000806940F0080021688861BDE8F88F000063
:10CE1000FEFFFFEF000C00581DCB000870B5044664
:10CE2000B4F86060D4F88C0022286FD12068406A82
:10CE300085B2F0B22840A16D0870A06D401CA065BD
:10CE4000B4F85E00401EA4F85E00B4F85E0000284E
:10CE500062D100BF00BF216851E8001F21F490702B
:10CE6000226842E800010029F5D100BF00BF00BFE1
:10CE70002168083151E8001F21F0010021680831C4
:10CE800041E80002002AF3D100BF2020C4F88C0042
:10CE900000206067206721492068884211D02068FF
:10CEA000406800F4000060B100BF00BF216851E895
:10CEB000001F21F08060226842E800010029F5D1BE
:10CEC00000BFE06E01281CD10020E06600BF00BF5B
:10CED000216851E8001F21F01000226842E800019B
:10CEE0000029F5D100BF2068C069C0F3001010B15F
:10CEF000102021680862B4F85C102046FCF70DF899
:10CF00000AE02046FCF776FB06E0FFE72068806930
:10CF100040F008002168886170BD0000000C0058D6
:10CF20002DE9F05F0446B4F860A02068C569206868
:10CF3000D0F800B02068D0F80890D4F88C002228EF
:10CF40007ED1B4F86880ACE02068406A87B20AF00D
:10CF5000FF003840A16D0870A06D401CA065B4F8BA
:10CF60005E00401EA4F85E002068C56905F0070059
:10CF7000A8B305F0010058B10BF4807040B1012056
:10CF800021680862D4F8900040F00100C4F89000D5
:10CF900005F0020058B109F0010040B102202168FB
:10CFA0000862D4F8900040F00400C4F8900005F046
:10CFB000040058B109F0010040B104202168086262
:10CFC000D4F8900040F00200C4F89000D4F890002B
:10CFD00028B12046FCF703F80020C4F89000B4F80C
:10CFE0005E0000285DD100BF00BF216851E8001F2E
:10CFF00021F48070226842E800010029F5D100BFC9
:10D0000000BF00BF2168083151E8001F3F4A01EA14
:10D0100002002168083141E80002002AF2D100BF75
:10D020002020C4F88C000020606720673849206801
:10D03000884213D02068406800F4000070B100E01E
:10D040005CE000BF00BF216851E8001F21F0806054
:10D05000226842E800010029F5D100BFE06E0128F6
:10D060001CD10020E06600BF00BF216851E8001F0E
:10D0700021F01000226842E800010029F5D100BF2C
:10D080002068C069C0F3001010B110202168086248
:10D09000B4F85C102046FBF740FF02E02046FCF7A6
:10D0A000A9FAB8F1000F04D005F0200000287FF4A1
:10D0B0004BAFB4F85E6006B3B4F86800B04223DD4D
:10D0C00000BF00BF2168083151E8001F21F08050E7
:10D0D0002168083141E80002002AF3D100BF0D4861
:10D0E000606700BF00BF216851E8001F41F02000C9
:10D0F000226842E800010029F5D105E02068806936
:10D1000040F0080021688861BDE8F09FFEFFFFEF56
:10D11000000C00581DCE00082DE9F04F89B00546DF
:10D1200000200890F8492868884200D100E000BF3C
:10D130002969A868084369690843E96940EA010860
:10D1400028680068F149084040EA0800296808603A
:10D150002868406820F44050E9680843296848601E
:10D16000D5F81880E8492868884202D0286A40EA41
:10D17000080828688068E649084040EA08002968ED
:10D1800088602868C06A20F00F00696A084329682F
:10D19000C86200BFDF492868884220D1DE480068A5
:10D1A00000F03800182811D005DC48B1082809D053
:10D1B000102811D108E020280AD028280CD109E035
:10D1C00001240BE0042409E0082407E0102405E012
:10D1D000202403E0402401E0802400BF42E1CF4945
:10D1E0002868884219D1CC48006800F0070006285A
:10D1F00010D2DFE800F0030507090B0D00240BE057
:10D20000042409E0082407E0102405E0202403E0BA
:10D21000402401E0802400BF24E1C14928688842FD
:10D2200019D1BD48006800F00700062810D2DFE8D9
:10D2300000F0030507090B0D00240BE0042409E0AE
:10D24000082407E0102405E0202403E0402401E046
:10D25000802400BF06E1B3492868884219D1AE484E
:10D26000006800F00700062810D2DFE800F0030590
:10D2700007090B0D00240BE0042409E0082407E053
:10D28000102405E0202403E0402401E0802400BFB6
:10D29000E8E0A5492868884219D19F48006800F055
:10D2A0000700062810D2DFE800F0030507090B0D80
:10D2B00000240BE0042409E0082407E0102405E022
:10D2C000202403E0402401E0802400BFCAE0974905
:10D2D0002868884220D19048006800F0380018285B
:10D2E00011D005DC48B1082809D0102811D108E078
:10D2F00020280AD028280CD109E001240BE00424BE
:10D3000009E0082407E0102405E0202403E040247D
:10D3100001E0802400BFA5E085492868884219D132
:10D320007D48006800F00700062810D2DFE800F012
:10D33000030507090B0D00240BE0042409E0082471
:10D3400007E0102405E0202403E0402401E08024CD
:10D3500000BF87E077492868884219D16E48006885
:10D3600000F00700062810D2DFE800F003050709E7
:10D370000B0D00240BE0042409E0082407E010242E
:10D3800005E0202403E0402401E0802400BF69E0A0
:10D3900069492868884220D15F48006800F0380059
:10D3A000182811D005DC48B1082809D0102811D15F
:10D3B00008E020280AD028280CD109E001240BE03D
:10D3C000042409E0082407E0102405E0202403E0F9
:10D3D000402401E0802400BF44E058492868884286
:10D3E00020D14D48006800F03800182811D005DC25
:10D3F00048B1082809D0102811D108E020280AD007
:10D4000028280CD109E001240BE0042409E00824B9
:10D4100007E0102405E0202403E0402401E08024FC
:10D4200000BF1FE03849286888421AD13A48001DD9
:10D43000006800F00700062810D2DFE800F00305BE
:10D4400007090B0D02240BE0042409E0082407E07F
:10D45000102405E0202403E0402401E0802400BFE4
:10D4600000E0802400BF2849286888424BD1102C56
:10D470001AD006DC022C09D0042C0BD0082C29D1A0
:10D480000DE0202C21D0402C24D120E0F8F7A6FC80
:10D49000064623E005A8F8F7B3FC069E1EE002A8A6
:10D4A000F8F7C6FD039E19E01B4854380068C0F326
:10D4B000401040B1184854380068C0F3C1012048FA
:10D4C00020FA01F600E01E4E08E01E4E06E04FF482
:10D4D000004603E000260120089000BF00BF002E98
:10D4E00010D01949686A31F81000B6FBF0F9686885
:10D4F00000EB4000484503D868680003484525D242
:10D500000120089007E153E0000C0058F369FFCFB9
:10D51000FFF4FF1100100140544402580044004041
:10D5200000480040004C0040005000400014014002
:10D5300000780040007C004000180140001C0140C1
:10D540000090D00300093D00402901087849686A2D
:10D5500031F810C06246002330461946F2F732FF18
:10D560004FF4807C00220346A3FB0C0B01FB0CB1A3
:10D5700003FB02136968490884461CEB010143EB75
:10D580000200CDE90010D5F804C062460023084629
:10D590000199F2F717FF0746B7F5407F05D3B7F5B6
:10D5A000801F02D22868C760B5E001200890B2E071
:10D5B000E869B0F5004F5BD1082C1AD005DC5CB1EE
:10D5C000012C0DD0042C2DD10EE0102C16D0202CC7
:10D5D00023D0402C26D122E0F9F792FE064625E022
:10D5E000F9F7A0FE064621E005A8F8F709FC069E1B
:10D5F0001CE002A8F8F71CFD039E17E04D480068E8
:10D60000C0F3401038B14B480068C0F3C1014A482C
:10D6100020FA01F600E0484E08E0484E06E04FF4DC
:10D62000004603E000260120089000BF00BF7EB343
:10D630003F49686A31F81000B6FBF0F040006968B5
:10D6400000EB5100B0FBF1F7102F0ED3B7F5803F80
:10D650000BD24FF6F07007EA000AC7F342004AEA1D
:10D66000000A2868C0F80CA055E00120089052E09C
:10D67000082C1BD005DC64B1012C0ED0042C2ED15B
:10D680000FE0102C17D0202C24D0402C27D123E0E1
:10D6900041E0F9F735FE064625E0F9F743FE064678
:10D6A00021E005A8F8F7ACFB069E1CE002A8F8F7FD
:10D6B000BFFC039E17E01F480068C0F3401038B15C
:10D6C0001C480068C0F3C1011B4820FA01F600E0C5
:10D6D000194E08E0194E06E04FF4004603E000261C
:10D6E0000120089000BF00BFAEB11149686A31F84F
:10D6F0001000B6FBF0F0696800EB5100B0FBF1F7E9
:10D70000102F06D3B7F5803F03D2B8B22968C8609E
:10D7100001E0012008900120A5F86A00A5F8680042
:10D7200000206867A867089809B0BDE8F08F00007E
:10D7300040290108004402580090D00300093D0030
:10D7400030B503469965A3F85C20A3F85E2000205D
:10D75000586700BF9868B0F5805F0AD1186920B992
:10D7600040F2FF10A3F8600020E0FF20A3F8600063
:10D770001CE0986848B9186918B9FF20A3F8600040
:10D7800014E07F20A3F8600010E09868B0F1805F9B
:10D7900009D1186918B97F20A3F8600006E03F207E
:10D7A000A3F8600002E00020A3F8600000BF0020A2
:10D7B000C3F890002220C3F88C0000BF00BF1C6893
:10D7C000083454E8004F44F001001C68083444E871
:10D7D0000005002DF3D100BF586EB0F1005F2CD1D1
:10D7E000B3F86800904228DC9868B0F5805F04D1F7
:10D7F000186910B92548586701E025485867186925
:10D8000060B100BF00BF1C6854E8004F44F4807052
:10D810001D6845E80004002CF5D100BF00BF00BF23
:10D820001C68083454E8004F44F080501C680834E9
:10D8300044E80005002DF3D126E09868B0F5805F3C
:10D8400004D1186910B91348586701E012485867A5
:10D85000186960B100BF00BF1C6854E8004F44F471
:10D8600090701D6845E80004002CF5D10CE000BF65
:10D8700000BF1C6854E8004F44F020001D6845E8D4
:10D880000004002CF5D100BF002030BD21CC0008E1
:10D8900021CF00081DCB00081DCE00082DE9F04166
:10D8A00004460D4617469846069E3CE0701CC8B3D9
:10D8B000F8F754F9A0EB0800B04200D816B90320DD
:10D8C000BDE8F0812068006800F0040050B32068D3
:10D8D000C069C0F3C00078B1082021680862204602
:10D8E000FFF7CEF80820C4F8900000BF002084F8AD
:10D8F000840000BF0120E3E72068C069C0F3C020B6
:10D9000080B14FF40060216808622046FFF7B8F844
:10D910002020C4F8900000BF002084F8840000BFDD
:10D920000320CDE7FFE72068C0692840A84201D165
:10D93000012000E00020B842B8D00020C0E700007D
:10D9400010B50248FBF74CFB10BD00007C0700241B
:10D9500008B501221A491B48FBF71EFE00BF4FF015
:10D96000FF3269461848006804F0C2FA0128F6D16F
:10D970009DF800000A2803D09DF800000D280FD163
:10D9800000201249124A1278885411480078002861
:10D9900002DD084602F0F2FE00200D490870DEE7C5
:10D9A0000B4800781F28DAD29DF80010084802784A
:10D9B0000078401C064B187004488154CFE70000E3
:10D9C000200000247C0700241C030024CD880024B0
:10D9D0003C03002400BFFEE770B52DED048B044628
:10D9E0000D46B0EE408A95ED1D0ADFEDDE0A30EE01
:10D9F000C00ADD4880ED000A95ED040ADFEDD90A82
:10DA000030EEC00AD94880ED000AD4ED180AB0EE15
:10DA1000600AF3F757FED4ED040A20EE200A84EDE5
:10DA2000080AD4ED170AB0EE600AF3F74BFED4ED06
:10DA3000010A20EE200A84ED060AD4ED180AB0EEA1
:10DA4000600AF3F7DBFAD4ED000A94ED041A41EE14
:10DA5000000AC4ED070AD4ED170AB0EE600AF3F726
:10DA6000CDFAD4ED010A20EE200A84ED050A94EDEA
:10DA7000071AD4ED051A31EE611A21EE011AD4ED20
:10DA8000081A94ED062A71EEC21A94ED082AD4ED14
:10DA9000062A32EE622A01EE821AB7EEC11AB0EE01
:10DAA000410B00F025FEB7EEC00B84ED0F0A94ED9C
:10DAB000070AD4ED050A30EE600AD4ED020AB0EE92
:10DAC000001A60EE810A20EE200A84ED120A94ED1D
:10DAD000080AD4ED060A30EE600AD4ED020AB0EE70
:10DAE000001A60EE810A20EE200A84ED130A94EDFC
:10DAF000020A20EE000AD4ED0F0A94ED0F1A00EE90
:10DB0000810AD4ED030A94ED031A00EEC10A84EDF4
:10DB1000140A94ED121A21EE011AD4ED131A94EDA1
:10DB2000132A01EE821AD4ED141A94ED142A01EE90
:10DB3000C21AB7EEC11AB0EE410B00F0D9FD94ED58
:10DB4000131AB7EEC11A30EE010BB7EEC00BF0EEB0
:10DB5000408A94ED120A94ED141A30EE010AF0EEA8
:10DB6000400AB0EE680A00F097FCF0EE000A20EEE2
:10DB7000200A84ED150AD4ED150AB0EE600AF3F719
:10DB80003DFAD4ED050A94ED071A70EEC10A94ED42
:10DB9000021A41EE000AF0EE608AD4ED150AB0EEEA
:10DBA000600AF3F78FFDD4ED060A94ED081A70EEC3
:10DBB000C10A94ED021A41EE000AB0EE609AF0EE4E
:10DBC000680AB0EE490A00F067FC84ED160AD4ED4D
:10DBD000170AB0EE600AF3F711FAD4ED010A60EE0D
:10DBE000208AD4ED150AB0EE600AF3F707FAD4EDF7
:10DBF000020A40EE808AC4ED098AD4ED170AB0EE1D
:10DC0000600AF3F75FFDD4ED010A60EE208AD4EDDF
:10DC1000150AB0EE600AF3F755FDD4ED020A40EEA6
:10DC2000808AC4ED0A8A94ED000AF0EE000A80EEC4
:10DC3000201A94ED090A30EE410A20EE000AD4EDD4
:10DC40000A0A94ED0A1A00EE810AB7EEC00AB0EE95
:10DC5000409B00F04DFDB7EEC00B84ED0B0AD4EDF8
:10DC6000000AB0EE001A80EE810AD4ED090A30EE07
:10DC7000C00AF0EE408AD4ED0A0AB0EE600AF0EE77
:10DC8000680A00F009FC84ED0C0A94ED0C0ADFED43
:10DC9000380A30EEC00A84ED0D0A94F8A80030B9B5
:10DCA00094ED0C0A84ED110A012084F8A80094ED8B
:10DCB0000C0AD4ED110A30EE600AC0EE080AC4ED79
:10DCC000100A94ED100ADFED270A30EEC00A84ED49
:10DCD0000E0A254890ED000ADFED250A30EEC00A55
:10DCE000D4ED0C0A30EE600A84ED210A94ED100A9E
:10DCF0001E48D0ED000AF1EE600A30EEC00A84ED55
:10DD0000220A94ED0C0A84ED110A94ED0B0AD4ED6D
:10DD1000270A30EE600AC0EE080AC4ED250A94ED29
:10DD2000250AD4ED280A30EE600AC0EE080AC4EDD8
:10DD3000260A94ED250A84ED280A94ED0B0A84ED59
:10DD4000270A94ED220AD4ED230A30EE600AC0EED1
:10DD5000080AC4ED240A94ED220A84ED230ABDECDE
:10DD6000048B70BD0000000090000024940000248B
:10DD7000DA0FC93F70B52DED048B04460D46B0EEA9
:10DD8000408A95ED1D0ADA4880ED000A95ED040AF7
:10DD9000D84880ED000AD4ED180AB0EE600AF3F717
:10DDA00091FCD4ED040A20EE200A84ED080AD4ED9B
:10DDB000170AB0EE600AF3F785FCD4ED010A20EEF5
:10DDC000200A84ED060AD4ED180AB0EE600AF3F7D3
:10DDD00015F9D4ED000A94ED041A41EE000AC4EDE1
:10DDE000070AD4ED170AB0EE600AF3F707F9D4ED8D
:10DDF000010A20EE200A84ED050A94ED071AD4EDFD
:10DE0000051A31EE611A21EE011AD4ED081A94EDCB
:10DE1000062A71EEC21A94ED082AD4ED062A32EED3
:10DE2000622A01EE821AB7EEC11AB0EE410B00F081
:10DE30005FFCB7EEC00B84ED0F0A94ED070AD4ED3A
:10DE4000050A30EE600AD4ED020AB0EE001A60EE68
:10DE5000810A20EE200A84ED120A94ED080AD4ED1E
:10DE6000060A30EE600AD4ED020AB0EE001A60EE47
:10DE7000810A20EE200A84ED130A94ED020A20EEB6
:10DE8000000AD4ED0F0A94ED0F1A00EE810AD4EDCA
:10DE9000030A94ED031A00EEC10A84ED140A94ED0E
:10DEA000121A21EE011AD4ED131A94ED132A01EE81
:10DEB000821AD4ED141A94ED142A01EEC21AB7EEA8
:10DEC000C11AB0EE410B00F013FC94ED131AB7EE3B
:10DED000C11A30EE010BB7EEC00BF0EE408A94EDA4
:10DEE000120A94ED141A30EE010AF0EE400AB0EE78
:10DEF000680A00F0D1FAF0EE000A20EE200A84ED64
:10DF0000150AD4ED150AB0EE600AF3F777F8D4EDF0
:10DF1000050A94ED071A70EEC10A94ED021A41EE5B
:10DF2000000AF0EE608AD4ED150AB0EE600AF3F74D
:10DF3000C9FBD4ED060A94ED081A70EEC10A94EDFF
:10DF4000021A41EE000AB0EE609AF0EE680AB0EEF6
:10DF5000490A00F0A1FA84ED160AD4ED170AB0EED2
:10DF6000600AF3F74BF8D4ED010A60EE208AD4ED95
:10DF7000150AB0EE600AF3F741F8D4ED020A40EE5C
:10DF8000808AC4ED098AD4ED170AB0EE600AF3F76F
:10DF900099FBD4ED010A60EE208AD4ED150AB0EEAB
:10DFA000600AF3F78FFBD4ED020A40EE808AC4EDDD
:10DFB0000A8A94ED000AB0EE001AC0EE010A94ED50
:10DFC000090A30EE600A20EE000AD4ED0A0A94ED48
:10DFD0000A1A00EE810AB7EEC00AB0EE409B00F0CC
:10DFE00087FBB7EEC00B84ED0B0AD4ED000AB0EE50
:10DFF000001A80EE810AD4ED090A30EEC00AF0EE74
:10E00000408AD4ED0A0AB0EE600AF0EE680A00F029
:10E0100043FA84ED0C0A94ED0C0ADFED370A30EE7A
:10E02000C00A84ED0D0A94F8A80030B994ED0C0AEA
:10E0300084ED110A012084F8A80094ED0C0AD4EDB7
:10E04000110A30EE600AC0EE080AC4ED100A94ED21
:10E05000100ADFED2A0A30EEC00A84ED0E0A2448C9
:10E0600090ED000ADFED240A30EEC00AD4ED0C0A70
:10E0700030EE600A84ED210A94ED100A1D48D0EDBF
:10E08000000AF1EE600A30EEC00A84ED220A94ED37
:10E090000C0A84ED110A94ED0B0AD4ED270A30EE38
:10E0A000600AC0EE080AC4ED250A94ED250AD4EDF5
:10E0B000280A30EE600AC0EE080AC4ED260A94ED84
:10E0C000250A84ED280A94ED0B0A84ED270A94EDC5
:10E0D000220AD4ED230A30EE600AC0EE080AC4ED2D
:10E0E000240A94ED220A84ED230ABDEC048B70BD52
:10E0F000880000248C000024DA0FC93F00000000D3
:10E1000010B52DED028B0446D4ED0C0A94ED161AD1
:10E1100070EEC10AB0EE600AF3F7D4FAD4ED010A4A
:10E1200020EE208AD4ED170A94ED151A70EEC10A7C
:10E13000B0EE600AF3F7C6FA28EE008AD4ED160AAC
:10E1400094ED151A70EEC10AB0EE600AF3F7BAFA50
:10E15000C8EE000AC4ED190AD4ED0C0A94ED161AA3
:10E1600070EEC10AB0EE600AF2F748FFD4ED010A82
:10E1700020EE208AD4ED170A94ED151A70EEC10A2C
:10E18000B0EE600AF3F79EFA28EE008AD4ED160A84
:10E1900094ED151A70EEC10AB0EE600AF3F792FA28
:10E1A000D4ED0B0A20EE200AC8EE000AC4ED1A0ACC
:10E1B000D4ED0C0A94ED151A70EEC10AB0EE600AA7
:10E1C000F3F780FAD4ED040A20EE208AD4ED160A83
:10E1D00094ED181A70EEC10AB0EE600AF3F772FA05
:10E1E00028EE008AD4ED160A94ED151A70EEC10AD5
:10E1F000B0EE600AF3F766FAC8EE000AC4ED1B0A37
:10E20000D4ED0C0A94ED151A70EEC10AB0EE600A56
:10E21000F2F7F4FED4ED040A20EE208AD4ED160ABB
:10E2200094ED181A70EEC10AB0EE600AF3F74AFADC
:10E2300028EE008AD4ED160A94ED151A70EEC10A84
:10E24000B0EE600AF3F73EFAD4ED0B0A20EE200A96
:10E25000C8EE000AC4ED1C0A94ED190AD4ED1F0A99
:10E2600020EE200AD4ED1A0A94ED201A00EE810A5D
:10E2700084ED1D0A94ED1B0AD4ED1F0A20EE200A3E
:10E28000D4ED1C0A94ED201A00EE810A84ED1E0ADA
:10E29000BDEC028B10BD00009FED0A0A80ED000A64
:10E2A0009FED090A80ED010A9FED080A80ED020A40
:10E2B0009FED060A80ED030A9FED030A80ED040A34
:10E2C000704700000AD7A33D9A99993D295C0F3EFB
:10E2D0000FB41CB50246002007AC00290BD0491E24
:10E2E000CDE90021054B6A462146069800F03EFB29
:10E2F000009A002111701CBC5DF814FB9BF0000813
:10E300004100080218BF04200A0E18BF40F00100A7
:10E310004FF07F4232EA010108BF40F002000128BD
:10E3200008BF05207047000002480068C0F30220C3
:10E33000704700000CED00E010B5002804DB0A0770
:10E34000130E054A135406E00A07140E034A00F0A0
:10E350000F031B1FD45410BD00E400E018ED00E0D3
:10E3600010B54FF00E402DED028BB0EE408A18EE46
:10E37000104A00EB4400B0F1506F4AD84FF0FC4017
:10E38000B0EB440F22D2B0EEC80ADFED360A30EE11
:10E39000C00ADFED350A60EE208A18EE900A03F01D
:10E3A00027F801EE100A14F0004F1DBFDFED2F0A11
:10E3B0009FED2F0AB1EE411ADFED2E0A08BF9FED47
:10E3C0002E0ADFED2E1A21EE218A05E0DFED2C0A60
:10E3D00068EE088AB0EE600A9FED2A1ADFED2A1A6D
:10E3E00030EE080A48EE811A9FED281A08EEA11AAD
:10E3F000DFED271A48EE811A9FED261A08EEA11AC2
:10E4000068EE281ABDEC028B01EE810A30EE200A7C
:10E4100010BD4FF0E440B0EB440F0CD918EE100AD9
:10E42000FFF76EFF042808BF00F0C0F9B0EE480AFD
:10E43000BDEC028B10BD4FF07F40B0EB440F07D214
:10E44000B0EE480ABDEC028BBDE8104000F0A0B968
:10E45000012000F0C3F9BDEC028BBDE8104000F0D4
:10E460009DB900000000803F0000003F0000C9BFD0
:10E4700022AAFDB90000C93F22AAFD39000000C050
:10E480000000000024FE1C3DC78AD83C1E67383DB2
:10E490001B93993DAFAA2A3E10EE100A10B510EE5C
:10E4A000901A4FF0684202EB40032DED028BB3F15E
:10E4B000654F3CBF02EB4102B2F1654F7CD200BF19
:10E4C000C0F3C753C1F3C7529A1A1B2A09DD10F0D3
:10E4D000004F14BF9FED6E0A9FED6E0ABDEC028BDC
:10E4E00010BD12F11A0F1BDA11F0004F09D010F015
:10E4F000004F0CBF9FED680A9FED680ABDEC028BD0
:10E5000010BD80EE208A18EE100AFFF7F9FE0428ED
:10E5100008BF00F04BF9B0EE480ABDEC028B10BD0D
:10E520004200B2EB410F37D910F0004F19BFDFEDB9
:10E530005C1A9FED5C1ADFED5C1A9FED5C1AB0EE81
:10E54000602A0A46F1EE400A80F00041B0EE420A2D
:10E5500010460A1A5200B2F1807F34D2484010F0BF
:10E56000004FDFED532A9FED533A1DBF9FED522A16
:10E5700071EEE21A31EE431A9FED502A04BF71EE9C
:10E58000A21A31EE031AF0EE402A42EE602A40EE63
:10E59000020A82EEA02A18E011F0004F04BF9FED9E
:10E5A000481AF0EE411AD4D010F0004F1CBFDFED36
:10E5B000451A9FED451A00E026E004BFDFED431A3F
:10E5C0009FED431AC5E780EE202A22EE020ADFED16
:10E5D000410ADFED412ABDEC028B40EE202ADFED3F
:10E5E0003F0A40EE220ADFED3E2A40EE202ADFED10
:10E5F0003D0A40EE220A22EE000A00EE201A31EE19
:10E60000020A30EE210A10BD4FF07F42B2EB400FFC
:10E6100028BFB2EB410F05D2BDEC028BBDE8104024
:10E6200000F0B9B840EA01035B0008BF41F0FF41C8
:10E630000BD0B2EB400F08BFB2EB410F08D120F076
:10E64000804000EE100A21F0804100EE901A37E77A
:10E65000B2EB400F12BF5FEA410240F0FF4001F011
:10E6600000413FF42DAF4A0092EA40033FF528AF46
:10E67000002AACBF9FED1C1A9FED1C1A20EE010A68
:10E6800060EE810A10EE100A10EE901A18E70000F2
:10E69000DB0FC9BFDB0FC93FDB0F4940DB0F49C0B0
:10E6A0000000C9BF22AAFDB90000C93F22AAFD3956
:10E6B0000060ED3EC30ACE37000000BF0000003FFF
:10E6C00000000000000049C022AA7DBA00004940B5
:10E6D00022AA7D3A2DAD65BD8FB8D53D0FB511BECF
:10E6E00061C84C3EA8AAAABE0000804F0000802F3F
:10E6F00000B52DED028BB1EEC08B83B018EE100A81
:10E7000018EE901A8DED008B002818BF01200843E9
:10E7100020F00040C0F17F6000F1E040C00F14D055
:10E7200010EE101A10EE900A8DED000B002918BFA4
:10E730000121084320F00040C0F17F6000F1E0407B
:10E74000C00F04BF012000F049F8B0EE480B03B041
:10E75000BDEC028B00BD10B52DED028BB1EEC08A71
:10E7600018EE100A20F00040C0F1FF40C00F0AD0A0
:10E7700010EE100A20F00040C0F1FF40C00F04BFAF
:10E78000012000F02BF8B0EE480ABDEC028B10BD62
:10E7900030EE000A704730EE200A7047DFED020AC3
:10E7A00080EEA00A70470000000000009FED020A02
:10E7B00020EE000A704700000000001002E008C8C8
:10E7C000121F08C1002AFAD170477047002001E0EB
:10E7D00001C1121F002AFBD17047000001490860E7
:10E7E00070470000880300242DE9FF5F82B00021FC
:10E7F000DDE90430020DDDF840B0034318D044F6E3
:10E800001050A2F2FF3242431514119801281FD074
:10E81000A5EB0B00401C5FEA000A4FF000064E4FCC
:10E82000DFF83891B046504615D5CAF1000413E020
:10E83000119801244AA3012801D16FEA0B01029823
:10E84000119AC0E90031C0E9024206B0BDE8F09F6C
:10E85000CBF10000DFE704460021404A491842EBB3
:10E860000450CDE9001012E0E00707D032463B46E5
:10E8700040464946F2F753F88046894632463B46C1
:10E8800010461946F2F74BF806460F466410002C66
:10E89000EAD1DDE90401DDE90023BAF1000F06DA6F
:10E8A000F2F73DF842464B46F2F739F805E0F2F749
:10E8B000A8F842464B46F2F7A4F804460E4600225A
:10E8C000284BF2F725F903D84FF0FF30014607E057
:10E8D0000022254B20463146F1F77AFFF2F700F986
:10E8E000102409E0002C0ADB0A220023F1F76AFD5C
:10E8F000039B30321A55641E50EA0102F2D1641CA7
:10E90000039AC4F111031444119A012A03D001227D
:10E9100008430DD10AE0084304D000204FF0110B4A
:10E92000119072E7A3EB0B056D1E0DE05B4504DD56
:10E930004FF0000205F1010504E003DA4FF0000298
:10E94000A5F10105002AECD002981199C0E9023125
:10E95000C0E9004579E70000000014400000F03FE6
:10E96000300000000000F0430000E03F2DE9FF4FC1
:10E9700095B09B468946064600250FE2252877D1AB
:10E9800000242746F84A0121059400E0044316F8C4
:10E99000013F203B01FA03F01042F7D130782A28DA
:10E9A00011D06FF02F033078A0F13002092A16D869
:10E9B000059A44F0020402EB820203EB4202104487
:10E9C000761C0590EFE759F8042B0592002A03DA2C
:10E9D000504244F40054059044F00204761C307810
:10E9E0002E2816D116F8010F44F004042A280DD061
:10E9F0006FF02F023078A0F13003092B09D807EB14
:10EA0000870302EB4303C718761CF3E759F8047B2E
:10EA1000761C30786C280FD006DC4C2817D068287C
:10EA20000DD06A2814D104E0742810D07A280FD1B0
:10EA30000DE044F400140AE044F4801401E044F4CE
:10EA400040147278824202D104F58014761C761C40
:10EA5000307866280BD013DC582877D009DC0028E2
:10EA600075D04528F6D04628F4D047281AD19DE124
:10EA700018E0632835D0642879D0652812D195E153
:10EA8000702873D008DC6728F1D069286FD06E2811
:10EA90000DD06F2806D1B5E073282CD0752875D01D
:10EAA000782874D05A46179990476D1C75E1C4F3C5
:10EAB0000250022809D003280DD0D9F800100428EC
:10EAC0000DD00D6009F1040967E1D9F80010EA17CB
:10EAD000C1E90052F6E7D9F800100D80F2E70D7099
:10EAE000F0E719F8041B8DF8001000208DF80100E4
:10EAF000EA46012003E059F804AB4FF0FF3061070C
:10EB00004FF0000102D40DE008F101018846B9423E
:10EB10000FDA8045F8DB1AF808100029F4D108E074
:10EB200008F1010188468142FADB1AF80810002931
:10EB3000F6D105985B46A0EB080721463846179AA0
:10EB400000F094FA284400EB080507E04DE029E1C5
:10EB50000DE01AF8010B5A4617999047B8F10108D1
:10EB6000F7D25B4621463846179A13E142E00A2263
:10EB70000092C4F302524FF0000A022A08D059F85A
:10EB800004CB032A4FEAEC710AD00DE029E02AE019
:10EB900009F1070121F00702F2E802C1914609E0FC
:10EBA0000FFA8CFC4FEAEC71042A03D14FFA8CFC6B
:10EBB0004FEAEC71002907DA0A460021DCF1000C6B
:10EBC00061EB02012D2202E0220504D52B228DF8F3
:10EBD0000420012203E0E20701D02022F7E790465B
:10EBE00059E00A2102E010220DE010214FF0000A46
:10EBF00000910BE010224FF0000A44F004040827B3
:10EC0000009203E008224FF0000A0092C4F302527F
:10EC1000022A05D059F804CB0021032A08D009E0C4
:10EC200009F1070121F00702F2E802C1914605E06F
:10EC30001FFA8CFC042A01D10CF0FF0C4FF00008E5
:10EC4000220728D5702806D0009B83F0100353EAD2
:10EC50000A0305D00EE040228DF80420012208E0CE
:10EC60005CEA010206D030228DF804208DF8050000
:10EC700002229046009B83F0080353EA0A030AD15C
:10EC80005CEA010201D1620705D530228DF804202B
:10EC90004FF001087F1E582804D034A003900EA81E
:10ECA00002900DE036A0F9E753466046009AF1F76E
:10ECB00089FB84460398825C0298401E0290027091
:10ECC0005CEA0100F0D1029806A9081A00F1200AB6
:10ECD000600702D524F4803400E00127574502DDA7
:10ECE000A7EB0A0000E0002000EB0A010090059865
:10ECF0004144401A0590E00306D45B462146179A2A
:10ED0000059800F0B3F90544002706E001A85A462B
:10ED1000C05D179990476D1C7F1C4745F6DBE003EB
:10ED20000CD55B462146179A059800F09FF90544DB
:10ED300004E030205A46179990476D1C0099481EF0
:10ED400000900029F5DC08E0029802995A46007804
:10ED5000491C0291179990476D1CBAF10001AAF164
:10ED6000010AF1DC65E1000009280100303132338D
:10ED700034353637383961626364656600000000F7
:10ED800030313233343536373839414243444546E1
:10ED90000000000000F058F90544761C3078002887
:10EDA0007FF4ECAD19B02846BDE8F08F620700D4BF
:10EDB000062709F1070222F0070CFCE80223E146CE
:10EDC00003F000485FEA080C02D00FF2702C0DE04F
:10EDD0005FEA045C02D50FF2682C07E05FEAC47CAE
:10EDE00002D00FF2602C01E0AFF2700C4FF0FF3850
:10EDF00023F00043CDF850C065280CD006DC452830
:10EE000009D046281DD047283DD13DE0662818D0BE
:10EE100067287ED138E00021112F01DB112000E0AE
:10EE2000781CCDE9000106A90EA8FFF7DDFCDDE99D
:10EE30000F010E9A03910021009207F1010A04913B
:10EE40004DE04FF000400097CDE9011006A90EA853
:10EE5000FFF7CAFCDDE90F0203920E9B1199002215
:10EE6000DDF80CA00093049211B9791C00EB010AA3
:10EE7000B7EB0A0004D4C0F1FF3007F1010A049097
:10EE8000AAEB0700019044E0012F00DA01270021DE
:10EE9000112F01DD112000E03846CDE9000106A95F
:10EEA0000EA8FFF7A1FCDDE90F010E9A03910021E6
:10EEB00004910092BA4621070CD40399514500DA17
:10EEC0008A46BAF1010F05DD009AAAF10101515CF1
:10EED000302908D0B84202DA10F1040F06DA012115
:10EEE000CDE9011015E0AAF10101E9E7002805DCF0
:10EEF000049901440491AAEB000102E0411C514530
:10EF000000DD8A460499401A401C01904FF00040F1
:10EF10000290200704D40198504501DBCDF804800D
:10EF200000208DF84F0002980DF14F07B0F1004F0F
:10EF300025D02B200E9002984FF0020800280CDA02
:10EF4000404202902D200E9007E00A210298F1F72E
:10EF5000C7FB3031029007F8011DB8F10001A8F19C
:10EF60000108F2DC02980028EFD1791E0E98087093
:10EF7000307800F0200040F0450007F8020D12A89C
:10EF8000C01B00F107081498007800B1012000EBC5
:10EF90000A01019801EBE07105984144401A401EB6
:10EFA0000590E00306D45B462146179A059800F0C9
:10EFB0005DF805441498007818B15A46179990479F
:10EFC0006D1CE00324D55B462146179A059800F096
:10EFD0004DF805441CE00498002807DBDDE9030137
:10EFE000884203DD0098405C179901E017993020B2
:10EFF0005A469047049805F10105401C0490019879
:10F00000401E019004D12E205A46179990476D1C3E
:10F01000BAF10001AAF1010ADDDC05E017F8010BE5
:10F020005A46179990476D1CB8F10001A8F10108E4
:10F03000F4DC5B462146179A0598ABE62D000000EC
:10F040002B000000200000002DE9F04104460025BF
:10F050001E461746880404D405E039462020B047F0
:10F060006D1C641EF9D52846BDE8F0812DE9F041FC
:10F07000044600251E469046C80301D5302700E00F
:10F080002027880404D505E041463846B0476D1C6A
:10F09000641EF9D52846BDE8F0814A68002A06D0EA
:10F0A0000A68531C0B6010704868401E4860704727
:10F0B00010B5F2F757FB8020F2F78AFD5520F2F7E2
:10F0C00087FD5520F2F784FD50490870F2F740FBA8
:10F0D0000120F5F749FDF2F745FB8020F2F778FDB6
:10F0E0005520F2F775FD5520F2F772FD474908707B
:10F0F000F2F72EFB0120F5F737FDF2F733FBB621CF
:10F100007E20F2F777FDF2F723FB5020F5F72CFD78
:10F11000F2F728FB8020F2F75BFD5520F2F758FD4F
:10F120005520F2F755FD39490870F2F711FB01201F
:10F13000F5F71AFDF2F716FB8020F2F749FD55208E
:10F14000F2F746FD5520F2F743FD30490870F2F71B
:10F15000FFFA0120F5F708FD2C4800781E2801D0A1
:10F16000FF2010BD00202A49087049E0F2F7FAFAA2
:10F17000274A127802EB4202264B1A445178244A5D
:10F18000127802EB4202985CF2F734FDF2F7E0FAF3
:10F190000120F5F7E9FCF2F7E5FA1D49097801EBE2
:10F1A00041011C4A515C41F08000F2F711FD5520ED
:10F1B000F2F70EFD5520F2F70BFD14490870F2F737
:10F1C000C7FA0120F5F7D0FC1148007800EB4000A9
:10F1D0001049084440780D49097888420BD00C4802
:10F1E000007800EB40000B49084480780A49097810
:10F1F00008430949087006480078401C0449087013
:10F20000034800780628B1DB0020AAE7400000246C
:10F21000410000244C0000244200002410B5F2F705
:10F22000B5FA45490020F2F7C6FCF2F7A5FA01202D
:10F23000F5F79AFCF2F7AAFA3F490020F2F7BBFC77
:10F24000F2F79AFA0120F5F78FFCF2F79FFAB62150
:10F250001420F2F7CFFCF2F78FFA5020F5F784FC78
:10F26000F2F794FA34490020F2F7A5FCF2F784FA99
:10F270000120F5F779FCF2F789FA2F490020F2F71F
:10F280009AFCF2F779FA0120F5F76EFC2A4800782B
:10F290000F2801D0FF2010BD00202849087045E04C
:10F2A000F2F774FA254A127802EB4202244B1A4410
:10F2B0005178224A127802EB4202985CF2F79AFCEB
:10F2C000F2F75AFA0120F5F74FFCF2F75FFA1B4903
:10F2D000097801EB41011A4A505C1749F2F76BFCBF
:10F2E000F2F74AFA0120F5F73FFC1448007800EBEA
:10F2F00040001349084440780F490978884210D0EB
:10F300000E480078401E0D4908700846007800EB52
:10F3100040000C49084480780B49097808430A49A1
:10F32000087006480078401C0449087003480078BB
:10F330000628B5DB0020AEE7400000244100002491
:10F340005E0000244C00002442000024F0B589B087
:10F3500006460D4617461C46009500200190029077
:10F36000082C02D82004039021E00C2C03D14FF488
:10F37000102003901BE0102C03D14FF420200390A9
:10F3800015E0142C03D14FF4302003900FE0182C1B
:10F3900002D1E00303900AE0302C03D14FF4602047
:10F3A000039004E0402C02D14FF470200390002021
:10F3B000049005900690079008903A4669463046BA
:10F3C000F5F73AFC002009B0F0BD00002DE9F04748
:10F3D0002DED028B04460D4690461E46DDF8289022
:10F3E000974890ED000AB8EE400AF0EE080A20EEC9
:10F3F000200ADFED940A80EE201AB0EE418AB0EECA
:10F40000480A41462846FEF7E7FA00270DE0D5ED09
:10F410000B0AB0EE600A8C4901EB0710FBF7EDF91F
:10F4200006EB870080ED000A7F1C0C2FEFDB96EDCA
:10F43000000AD5ED210A9FED851A70EEC10A20EE73
:10F44000200AD6ED010A95ED221ADFED801A31EE81
:10F45000611A00EE810AD4ED580A94ED671A70EE35
:10F46000C10A96ED021A01EE200AD4ED560A94ED77
:10F47000661A70EEC10A96ED031A01EE200AD6ED67
:10F48000040A94ED6A1ADFED711A31EE611A00EE8A
:10F49000810AD6ED050A94ED6B1ADFED6C1A31EE98
:10F4A000611A00EE810A84ED480A96ED060AD5ED50
:10F4B000210A9FED661A70EEC10A20EE200AD6EDF1
:10F4C000070A95ED221ADFED611A31EE611A00EE9E
:10F4D000810AD4ED580A94ED671A70EEC10A96EDD0
:10F4E000081A01EE200AD4ED560A94ED661A70EE61
:10F4F000C10A96ED091A01EE200AD6ED0A0A94ED2A
:10F500006A1ADFED521A31EE611A00EE810AD6ED69
:10F510000B0A94ED6B1ADFED4D1A31EE611A00EE15
:10F52000810A85ED200A94ED480AD4ED6F0A30EE89
:10F53000600A84ED480AF0EE000AB8EE000A04F50D
:10F54000907001F0DDF895ED200AD4ED700A30EEF0
:10F55000200A85ED200A4A462946204600F0D0FBC5
:10F560004146284600F04BFB3949087094F8C50124
:10F57000C8BB08460078012837D1364800780128F2
:10F5800033D195F8A90078BB9FED300A84ED480A85
:10F5900096ED060AD5ED210A9FED2C1A70EEC10AF0
:10F5A00020EE200AD6ED070A95ED221ADFED271A84
:10F5B00031EE611A00EE810A85ED200A9FED230AE3
:10F5C00084ED670A94ED670A84ED580A94ED6D0A9C
:10F5D00084ED590A95ED200AD4ED700A30EE200A28
:10F5E00085ED200A0DE004E0FFE7002085F8A90082
:10F5F00007E094F8C501012803D19FED140A85EDB9
:10F60000200ADFED150A9FED150A05F17C0001F0D7
:10F6100077F82846FEF774FDF1EE0C0AB9EE0C0AF5
:10F6200005F1780001F06CF8F1EE0C0AB9EE0C0A65
:10F6300005F1740001F064F8BDEC028BBDE8F087C1
:10F640006001002400007A449801002400000000BA
:10F6500064010024600200240000C8420000C8C207
:10F6600090ED230ADFED0F0A30EE200A81ED170A34
:10F6700090ED310ADFED0B0A30EE200A81ED180A19
:10F6800092ED1D0ADFED080A30EEC00A80ED6A0A2D
:10F6900092ED040ADFED040A30EEC00A80ED6B0A39
:10F6A00070470000DA0FC93F000000002DE9F04765
:10F6B0002DED028B04460D4690461E46DDF828903F
:10F6C000AD4890ED000AB8EE400AF0EE080A20EED0
:10F6D000200ADFEDAA0A80EE201AB0EE418AB0EED1
:10F6E000480A41462846FEF745FB00270DE0D5EDC8
:10F6F0000B0AB0EE600AA24901EB0710FBF77DF898
:10F7000006EB870080ED000A7F1C0C2FEFDB94EDE9
:10F71000590AD4ED6D0A30EE600A9A48D0ED010A1C
:10F7200020EE200AD0ED030A98ED061A00EEC10A79
:10F7300084ED6F0AD4ED6E0AB0EE600ADFED920A36
:10F740009248FBF767FC84ED700A96ED000AD5ED50
:10F75000210A9FED8D1A70EEC10A20EE200AD6ED27
:10F76000010A95ED221ADFED881A31EE611A00EEDA
:10F77000810AD4ED670A94ED581A70EEC10A96ED2D
:10F78000021A01EE200AD4ED660A94ED561A70EEC4
:10F79000C10A96ED031A01EE200AD6ED040A94ED93
:10F7A000681ADFED791A31EE611A00EE810AD6EDA2
:10F7B000050A94ED691ADFED741A31EE611A00EE54
:10F7C000810A84ED390A96ED060AD5ED210A9FEDEE
:10F7D0006E1A70EEC10A20EE200AD6ED070A95EDEA
:10F7E000221ADFED691A31EE611A00EE810AD4EDBA
:10F7F000670A94ED581A70EEC10A96ED081A01EEE8
:10F80000200AD4ED660A94ED561A70EEC10A96ED00
:10F81000091A01EE200AD6ED0A0A94ED681ADFED06
:10F820005A1A31EE611A00EE810AD6ED0B0A94EDF8
:10F83000691ADFED551A31EE611A00EE810A85ED85
:10F84000200A94ED390AD4ED6F0A30EE600A84ED97
:10F85000390AF0EE000AB8EE000A04F1E40000F004
:10F860004FFF95ED200AD4ED700A30EE200A85EDA9
:10F87000200A94ED631AF0EE410A94ED6C1AB0EE92
:10F88000410A4348FBF7C6FB84ED650A4A46294610
:10F89000204600F00BFB4146284600F0E2F93D49C6
:10F8A000087094F8C501C8BB08460078012837D114
:10F8B00039480078012833D195F8A90078BB9FED2D
:10F8C000320A84ED390A96ED060AD5ED210A9FED3C
:10F8D0002E1A70EEC10A20EE200AD6ED070A95ED29
:10F8E000221ADFED291A31EE611A00EE810A85ED48
:10F8F000200A9FED250A84ED670A94ED670A84EDDE
:10F90000580A94ED6D0A84ED590A95ED200AD4ED5C
:10F91000700A30EE200A85ED200A0DE004E0FFE7D2
:10F92000002085F8A90007E094F8C501012803D15B
:10F930009FED150A85ED200ADFED180A9FED180AE4
:10F9400005F17C0000F0DCFE2846FEF7D9FBF1EE65
:10F950000C0AB9EE0C0A05F1780000F0D1FEF1EEC8
:10F960000C0AB9EE0C0A05F1740000F0C9FEBDECFA
:10F97000028BBDE8F08700005802002400007A44A2
:10F9800098010024D88600240000000090860024FE
:10F990002087002460020024640100240000C84283
:10F9A0000000C8C290ED070ADFED200A30EE200A01
:10F9B00081ED170A90ED150ADFED1C0A30EE200AE2
:10F9C00081ED180A92ED1D0A80ED680A92ED040A95
:10F9D00080ED690A92ED1F0A80ED6D0A92ED1C0A16
:10F9E00080ED6C0A91ED210A114BD3ED210A30EE26
:10F9F000200ADFED100A30EEC00A80ED6E0A92EDAB
:10FA00001D0ADFED0D0AB4EEE00AF1EE10FA0BD29A
:10FA100092ED1D0ADFED090AB4EEE00AF1EE10FAEC
:10FA200002DD002380F8C53170470000DA0FC93FBE
:10FA3000C882002400000000910A063F910A06BF18
:10FA400030B503460C461546B5F5002F44D1207855
:10FA500000F00F00988020780111D980A07861789B
:10FA600040EA01219960E0780001217940EA211102
:10FA7000D9606079217901F00F0140EA0121196113
:10FA80001021F2EE090ABAEE090A986801F0F0FCBA
:10FA900083ED070A0C21F3EE0E0ABBEE0E0AD868BE
:10FAA00001F0E6FC83ED080A0C21F2EE040ABAEE3E
:10FAB000040A186901F0DCFC83ED090AA07900EE64
:10FAC000100AB8EE400A83ED0C0AE07900EE100A45
:10FAD000B8EE400A83ED0D0A30BD000030B5034694
:10FAE0000C461546B5F5002F44D1207800F00F00E4
:10FAF0001881207801115981A078617840EA0121AC
:10FB0000D960E0780001217940EA2111196160791A
:10FB1000217901F00F0140EA012159611021F2EE33
:10FB2000080ABAEE080AD86801F0A2FC83ED080AB8
:10FB30000C21DFED110A9FED110A186901F098FC04
:10FB400083ED090A0C21F3EE020ABBEE020A5869A2
:10FB500001F08EFC83ED0A0AA07900EE100AB8EEDF
:10FB6000400A83ED0D0AE07900EE100AB8EE400A73
:10FB700083ED0E0A30BD000000003442000034C2A4
:10FB80002DE9FC4106460C461546601987B2FF2058
:10FB90008DF800008DF801008DF802008DF803004B
:10FBA0008DF804008DF805008DF80600FC208DF816
:10FBB000070008236A4639463046FFF7C7FBBDE811
:10FBC000FC81F0EE400AB0EEE00A7047014671EEAB
:10FBD000602AF0EE621AB0EE602A30EE423A01205E
:10FBE0008840401E02EE900AF8EEE22A63EE222AD6
:10FBF00082EEA13AFDEEC32A12EE900A704770B56C
:10FC00002DED028B04460D46D4ED210AB0EE600ABC
:10FC1000F1F758FDD4ED200A20EE200AD4ED0B0AAE
:10FC200080EE208AD4ED210AB0EE600AF1F7E6F901
:10FC3000D4ED1F0A00EE808AB1EE080A38EE000A01
:10FC400084ED290A94ED290AF1EE040AB4EEE00AE3
:10FC5000F1EE10FA03D20120BDEC028B70BD002042
:10FC6000FAE770B52DED028B04460D46D4ED210A5E
:10FC7000B0EE600AF1F726FDD4ED200A20EE200A4E
:10FC8000D4ED0B0A80EE208AD4ED210AB0EE600A92
:10FC9000F1F7B4F9D4ED1F0A00EE808AB1EE080A3C
:10FCA00038EE000A84ED290A94ED290AF1EE040ADF
:10FCB000B4EEE00AF1EE10FA03D20120BDEC028BA3
:10FCC00070BD0020FAE70280818070470A880C2A04
:10FCD00011D1D0F8C821521CC0F8C8210A2A0DD968
:10FCE00090F8CC2152B9012280F8CC2190ED5B0A2A
:10FCF00080ED740A02E00022C0F8C82170470000BD
:10FD000070B52DED028B05460C46164695F8CC01D4
:10FD100001287DD195F8DD0128BBD4ED210AB0EE94
:10FD2000600AF1F76BF9DFED5B0A80EE808AD4EDB3
:10FD30000B0AB0EE600ADFED580A3046FBF76AF9AD
:10FD400038EE000A84ED1F0A94ED0B0ADFED530A2A
:10FD5000B4EEE00AF1EE10FA04D2D5F8D801401C56
:10FD6000C5F8D80192E095F8DD01012825D1D4ED40
:10FD7000210AB0EE600AF1F741F9DFED460A80EEA4
:10FD8000808AD4ED0B0AB0EE600ADFED450A3046FA
:10FD9000FBF740F938EE000A84ED1F0A94ED0B0AD8
:10FDA000DFED400AB4EEE00AF1EE10FA6EDDD5F8B0
:10FDB000D801401CC5F8D80168E095F8DD0102289B
:10FDC0002DD1D4ED210AB0EE600AF1F717F9DFED7D
:10FDD000310A80EE808A95ED5F1AF0EE410A94EDCB
:10FDE0000B1AB0EE410A3046FBF714F938EE000A60
:10FDF00084ED1F0A94ED0B0AD5ED5F0A9FED2A1AD8
:10FE000070EE810AB4EEE00AF1EE10FA3ED200E0A4
:10FE10001FE0D5F8D801401CC5F8D80136E0D4ED74
:10FE2000210AB0EE600AF1F7E9F8DFED1A0A80EE78
:10FE3000808A95ED5E1AF0EE410A94ED0B1AB0EE51
:10FE4000410A3046FBF7E6F838EE000A84ED1F0A57
:10FE50001CE0D4ED210AB0EE600AF1F7CFF8DFED37
:10FE60000D0A80EE808A95ED5E1AF0EE410A94ED5F
:10FE70000B1AB0EE410A3046FBF7CCF838EE000A18
:10FE8000D5ED650A30EE200A84ED1F0ABDEC028B29
:10FE900070BD000096438D410AD7A33DCDCCCC3D2B
:10FEA0003D0A573EEC51383E0AD7233C70B52DED44
:10FEB000028B04460D46164694F8CC0101287BD1EE
:10FEC00094F8DC01C8BBD5ED210AB0EE600AF1F769
:10FED00095F8DFED820A80EE808AD5ED0B0AB0EE50
:10FEE000600ADFED7F0A3046FBF794F838EE000A2F
:10FEF00085ED1F0A95ED0B0ADFED7A0AB4EEE00AF4
:10FF0000F1EE10FA04D2D4F8D401401CC4F8D401A4
:10FF1000D4F8D4010A280FD3D4F8D8010A280BD377
:10FF20000020C4F8D401012084F8DC010020C4F8CA
:10FF3000D801012084F8DD019CE0FFE794F8DC01A2
:10FF400001283AD1D5ED210AB0EE600AF1F756F852
:10FF5000DFED620A80EE808AD5ED0B0AB0EE600A12
:10FF6000DFED610A3046FBF755F838EE000A85ED03
:10FF70001F0A95ED0B0ADFED5D0AB4EEE00AF1EE23
:10FF800010FA04DDD4F8D401401CC4F8D401D4F82C
:10FF9000D4010A286ED3D4F8D8010A286AD30020E5
:10FFA000C4F8D401022084F8DC010020C4F8D80190
:10FFB000022084F8DD015DE06FE094F8DC010228A6
:10FFC0003FD1D5ED210AB0EE600AF1F717F8DFED69
:10FFD000430A80EE808A94ED5F1AF0EE410A95EDB7
:10FFE0000B1AB0EE410A3046FBF714F838EE000A5F
:10FFF00085ED1F0A95ED0B0AD4ED5F0A9FED3C1AC3
:020000040801F1
:1000000070EE810AB4EEE00AF1EE10FA04D2D4F8F0
:10001000D401401CC4F8D401D4F8D4010A2829D34F
:10002000D4F8D8010A2825D30020C4F8D40103202D
:1000300084F8DC010020C4F8D801032084F8DD0135
:1000400018E0D5ED210AB0EE600AF0F7D7FFDFED3A
:10005000230A80EE808A94ED5F1AF0EE410A95ED56
:100060000B1AB0EE410A3046FAF7D4FF38EE000A18
:1000700085ED1F0A94F8DC0103282BD194F8DD01EB
:10008000032827D1002004F5E6742070A0602074B6
:10009000E0606074A4F5E6741CE0D5ED210AB0EED2
:1000A000600AF0F7ABFFDFED0D0A80EE808A94ED79
:1000B0005F1AF0EE410A95ED0B1AB0EE410A304698
:1000C000FAF7A8FF38EE000AD4ED650A30EE600AB0
:1000D00085ED1F0ABDEC028B70BD000096438D417B
:1000E0000AD7A33DCDCCCC3D3D0A573EEC51383E1E
:1000F0000AD7233C80ED000AC0ED010A80ED021A08
:10010000F7EE001AC0ED0C1A0449416704498167F3
:100110000449C1670449C0F8801070472D010108E7
:10012000950101084B010108FDBE000801B52DED48
:10013000060B9DE80E00C0E90423C16003A90EC9A7
:10014000C0E90723816107B000BD10B50446D4EDB6
:10015000160AB0EE600AFEF703F9B1EE400A84ED2C
:10016000190A94ED181AF0EE410A94ED171AB0EE40
:10017000410AFEF791F984ED1A0A94ED101AF0EE97
:10018000410A94ED131AB0EE410AFEF785F984EDA9
:100190001B0A10BD10B52DED0A8B044694ED061A0E
:1001A00021EE011AD4ED071A94ED072A01EE821A06
:1001B000D4ED081A94ED082A01EE821AB7EEC11A9E
:1001C000B0EE410BFEF794FAB7EEC00BB0EE408AEA
:1001D00094ED060AC0EE080AC4ED060A94ED070A7B
:1001E000C0EE080AC4ED070A94ED080AC0EE080A3A
:1001F000C4ED080A94ED070AD4ED180A20EE200A8F
:10020000D4ED080A94ED171A00EEC10AB0EE40BA18
:1002100094ED080AD4ED160A20EE200AD4ED060A61
:1002200094ED181A00EEC10AF0EE40BA94ED060AF9
:10023000D4ED170A20EE200AD4ED070A94ED161A21
:1002400000EEC10AB0EE40CA94ED090AD4ED010AED
:1002500060EE8B0A94ED021A00EE810A84ED090A21
:1002600094ED0A0AD4ED010A60EEAB0A94ED021A8D
:1002700000EE810A84ED0A0A94ED0B0AD4ED010A1E
:1002800060EE8C0A94ED021A00EE810A84ED0B0AEE
:1002900094ED090AD4ED000A00EE8B0AD4ED030AAE
:1002A00030EE200A84ED030A94ED0A0AD4ED000A28
:1002B00000EEAB0AD4ED040A30EE200A84ED040A05
:1002C00094ED0B0AD4ED000A00EE8C0AD4ED050A79
:1002D00030EE200A84ED050A94ED0C0AB0EE409A47
:1002E00094ED0D0AF0EE409A94ED0E0AB0EE40AA9D
:1002F00094ED0F0AF0EE40AA94ED020AF6EE000A21
:1003000020EE200AF0EE408A94ED030AF1EE690A2D
:1003100020EE200AD4ED040A0AEE600AD4ED050AA4
:100320000AEEE00AD4ED0C0A40EE280AC4ED0C0AED
:1003300094ED030A20EE090AD4ED050A0AEE200A1C
:10034000D4ED040A0AEEE00AD4ED0D0A40EE280AC4
:10035000C4ED0D0A94ED040A20EE090AD4ED050A55
:1003600009EEE00AD4ED030A0AEEA00AD4ED0E0A63
:1003700040EE280AC4ED0E0A94ED050A20EE090AA3
:10038000D4ED040A09EEA00AD4ED030A0AEE600ACD
:10039000D4ED0F0A40EE280AC4ED0F0A94ED0C1AB2
:1003A00021EE011AD4ED0D1A94ED0D2A01EE821AF8
:1003B000D4ED0E1A94ED0E2A01EE821AD4ED0F1A26
:1003C00094ED0F2A01EE821AB7EEC11AB0EE410B7E
:1003D000FEF78EF9B7EEC00BB0EE408A94ED0C0A32
:1003E000C0EE080AC4ED0C0A94ED0D0AC0EE080A2E
:1003F000C4ED0D0A94ED0E0AC0EE080AC4ED0E0A13
:1004000094ED0F0AC0EE080AC4ED0F0A2046D4F896
:1004100080108847BDEC0A8B10BD0000F5F7B0FBDB
:10042000FBF7D2FEFBF7E2FBFAF76AFBFAF7FEF9FD
:10043000FAF720FCFAF71CFAFAF75AFAFAF78CFCEA
:10044000FAF796FAFAF7C8FCFAF746FC4FF4F070A0
:10045000F2F70AFC00BF00210E48F1F739FB002833
:10046000F9D1012251030C48F5F772FB01229103E7
:100470000948F5F76DFB0122D1030748F5F768FB42
:10048000F2F740FDF2F776FDFAF7B2FA00F058F90C
:1004900000BFFEE76C05002400080258014600205A
:1004A000842901D0CA1C104470470000F0B50B30FD
:1004B000154D20F007010024144A0FE003688B4219
:1004C0000BD38B4205D95E1A43184768C3E900670E
:1004D00000E04368136002C004E0021D10680028B9
:1004E000ECD12046002802D1286808B10020F0BDD8
:1004F000064A07481060074A121A22F00702C0E9AC
:10050000002401202860D7E784030024800300240E
:10051000C4890024C08B00242DE9F04F2DED068BFB
:1005200083B082460C46B0EE40AAB0EE608AF0EE90
:10053000418AB0EE619AF0EE429A1FFA84FB1020D5
:10054000B2EE091AFAEE090AB0EE4A0AFFF73EFBCC
:1005500085B20C20B3EE0E1AFBEE0E0AB0EE480A7E
:10056000FFF734FB86B20C209FED251ADFED250A3C
:10057000B0EE680AFFF72AFB87B20C20B1EE041A2E
:10058000DFED200AB0EE490AFFF720FB1FFA80F8E2
:100590000C20B2EE041AFAEE040AB0EE690AFFF774
:1005A00015FB1FFA80F928128DF80400E8B28DF8C7
:1005B0000500C6F307108DF806003007000E40EA6C
:1005C00027208DF80700F8B28DF80800C8F307104F
:1005D0008DF809004FEA0870000E40EA29208DF8D6
:1005E0000A0009F0FF008DF80B00082301AA594604
:1005F0005046FEF7ABFE03B0BDEC068BBDE8F08FB6
:100600000000FA43000000002DE9F04F2DED068BAD
:1006100083B082460C46B0EE40AAB0EE608AF0EE9F
:10062000418AB0EE619AF0EE429A1FFA84FB1020E4
:10063000B2EE081AFAEE080AB0EE4A0AFFF7C6FA56
:1006400085B20C209FED2A1ADFED2A0AB0EE480A87
:10065000FFF7BCFA86B20C209FED271ADFED270AC0
:10066000B0EE680AFFF7B2FA87B20C20B1EE041AB6
:10067000DFED220AB0EE490AFFF7A8FA1FFA80F868
:100680000C20B3EE021AFBEE020AB0EE690AFFF785
:100690009DFA1FFA80F928128DF80400E8B28DF84F
:1006A0000500C6F307108DF806003007000E40EA7B
:1006B00027208DF80700F8B28DF80800C8F307105E
:1006C0008DF809004FEA0870000E40EA29208DF8E5
:1006D0000A0009F0FF008DF80B00082301AA594613
:1006E0005046FEF733FE03B0BDEC068BBDE8F08F3D
:1006F00000003442000034C20000FA430000000051
:1007000090ED001AB4EEC01AF1EE10FA02D280EDAC
:10071000000A08E090ED001AB4EEE01AF1EE10FACB
:1007200001DDC0ED000A704770B5044625460DB1E5
:10073000294600E00121084600F0E8FF002070BDD6
:1007400010B501F0B1F8002010BDFEB504460D460D
:10075000B4F90800FFF7A2FE064602A8CDE9006042
:10076000238A9AB22B46D4E9001001F097FD0128A4
:1007700001D00020FEBD0298FCE7000030B595B026
:10078000054613AB14AABDA12846EFF777FE022851
:1007900004D0BCA000F04CFE15B030BD4FF0FF31CE
:1007A000BA48006801F058FC9DF850004C287CD0F5
:1007B0000ADCA0F14200092878D2DFE800F0F4F268
:1007C00077E377775377D400522870D0562804D037
:1007D000582819D0592869D12DE09DED130AB8EE9B
:1007E000C00ADFEDAB0A20EE200AAA4880ED000A1D
:1007F00090ED000AB7EEC00A8DED000BA6A24021D5
:1008000003A8FDF765FD2BE19DED130AB8EEC00AC4
:10081000DFED9F0A20EE200A9E4880ED010A90ED50
:10082000010AB7EEC00A8DED000B9EA2402103A87D
:10083000FDF74EFD14E19DED130AB8EEC00ADFEDA1
:10084000940A20EE200A934880ED020A90ED020AF5
:10085000B7EEC00A8DED000B95A2402103A8FDF76D
:1008600037FDFDE09DED130AB8EEC00ADFED880A02
:1008700020EE200A874880ED030A90ED030ADFEDA1
:100880008F0AB4EEE00AF1EE10FA03D29FED8B0A64
:1008900080ED030A7F4890ED030ADFED890AB4EE8C
:1008A000E00AF1EE10FA07DD02E029E0CDE010E009
:1008B0009FED830A80ED030A764890ED030AB7EEB8
:1008C000C00A8DED000B7FA2402103A8FDF700FDBB
:1008D000C6E09DED130AB8EEC00ADFED6D0A20EE0A
:1008E000200A6C4880ED040A90ED040AB7EEC00AB5
:1008F0008DED000B76A2402103A8FDF7E9FCAFE0E7
:100900009DED130AB8EEC00ADFED610A20EE200A61
:10091000604880ED050A90ED050AFFEE000AB4EE8E
:10092000E00AF1EE10FA03D2BFEE000A80ED050AEC
:10093000584890ED050AF7EE000AB4EEE00AF1EE31
:1009400010FA03DDB7EE000A80ED050A514890ED7C
:10095000050AB7EEC00A8DED000B60A2402103A886
:10096000FDF7B6FC7CE0139808B1012000E0002000
:10097000484908760846037E5BA2402103A8FDF79C
:10098000A7FC6DE0139808B1012000E00020414968
:1009900048760846437E57A2402103A8FDF798FCFD
:1009A0005EE037E0FFE7139848B904215448F8F7B0
:1009B00011FA54A2402103A8FDF78AFC29E01398FC
:1009C00001280ED14FF4FA704D490968886304215B
:1009D0004B48F8F741F94EA2402103A8FDF778FCF7
:1009E00017E0139802280ED14FF4FA7044490968B1
:1009F000886304214248F8F72FF948A2402103A850
:100A0000FDF766FC05E049A2402103A8139BFDF712
:100A10005FFC25E03A480068C46A1398002801DAB0
:100A2000002013901398A04200DD139434491398CA
:100A30000968886304213248F8F70EF93EA2402184
:100A400003A8139BFDF744FC0AE000231A4619464D
:100A50000E48006801F0FAF83BA000F0E9FC9BE6C4
:100A600000BF00231A4619460848006801F0EEF856
:100A700003A800F0DDFC00BF8EE6000025632564BE
:100A8000000000004552520D0A000000140300242B
:100A90006F12833A200300244F4B20563D252E33FE
:100AA000660D0A004F4B20583D252E33660D0A0077
:100AB0004F4B20593D252E33660D0A008FC2753DE0
:100AC0003D0A573E4F4B20483D252E33660D0A0008
:100AD0004F4B20523D252E33660D0A004F4B204CC4
:100AE0003D252E33660D0A004F4B204A3D25640DEF
:100AF0000A0000004F4B20453D25640D0A00000010
:100B0000300700244F4B20423D4F46460D0A00005F
:100B10004F4B20423D424545500D0A004F4B20426D
:100B20003D414C41524D0D0A0000000045525220FB
:100B3000423D25640D0A00004F4B20434352323D95
:100B400025640D0A0000000045525220434D440D1B
:100B50000A0000002DE9F04105460E461C480768D2
:100B60001C480068001D00F09DFC50B91948006841
:100B700090F82C10012088401749096881431648D5
:100B80000160681C38B936B112480168091D134864
:100B900000F0C6FC1AE07C190E4800684460BC42B4
:100BA00007D20C480168091D0D48006800F09EFC42
:100BB0000CE008480168091D0A48006800F096FC2E
:100BC00009480068844201D207480460BDE8F0810A
:100BD000B00000249C000024B400002484090024F8
:100BE000A4000024A0000024CC00002410B504467A
:100BF00000F0A2FC23480068401C224908602248FB
:100C0000006840B9204804600846006801280DD1FA
:100C100000F0A0F90AE01D48006838B91A480068D9
:100C2000C06AE16A884201D8174804601848006821
:100C3000401C1749086094F82C1001208840154981
:100C40000968084313490860E16A01EB8101124A0F
:100C500002EB8100211D00F063FC00F097FC0B48C3
:100C6000006868B108480068C06AE16A884207D233
:100C70004FF0805009490860BFF34F8FBFF36F8F6B
:100C800010BD0000AC0000249C000024B80000242B
:100C9000C8000024B4000024A808002404ED00E0EB
:100CA00010B516E000F048FC0C48C068C468201D70
:100CB00000F0F8FB0A480068401E0949086009482E
:100CC0000068401E0749086000F060FC204600F004
:100CD0005FF8044800680028E4D110BD70090024C2
:100CE000AC000024A800002470B504460D46206C1A
:100CF00070B1216CE0680144E160D4E902108842DF
:100D000001D32168E1602846226CE168EFF78BFB94
:100D100070BD2DE9F04104460F4615464FF000081E
:100D2000A66B206C48B9206800282CD1A06801F07F
:100D300099FB80460020A06025E07DB93946226CF1
:100D40006068EFF770FB216C606808446060D4E96C
:100D50000101884217D32068606014E03946226C94
:100D6000E068EFF760FB216CE068411AE160216800
:100D7000E068884203D2216CA068411AE160022D2C
:100D800001D106B1761E701CA0634046BDE8F0811B
:100D900010B50446206B00F017FC204600F014FC50
:100DA00010BD01464A6A22B10A6B1268C2F10700FF
:100DB00000E000207047000030B54FF4F0431748C2
:100DC00000F007042CB1C01D20F00700134C041BD9
:100DD0001B1B0246124C22600024114D6C60D0187F
:100DE000083820F007000F4C206000240D4D2D68BE
:100DF0006C600C4D2D682C601146441A4C60094CF7
:100E000024680C60084D4C682C60084D4C682C60C0
:100E10004FF00044064D2C6030BD000098090024BE
:100E2000D8000024E0000024E8000024E4000024AE
:100E3000F400002400BFFFF733FF064800680128D4
:100E4000F9D94FF0805004490860BFF34F8FBFF3CA
:100E50006F8FF0E7A808002404ED00E010B5044609
:100E600054B10020A06020600021E16000231A46F8
:100E70001946204600F0EAFE10BD2DE9F041064675
:100E80000D4617469846069C0DB9246000E0276081
:100E9000E66325640121204600F08CFEBDE8F08168
:100EA0002DE9FF5F81460E469246DDE90E7B109CE0
:100EB000AAF10100216B01EB800828F0070808F077
:100EC000070008B9012000E0002050B900BF502001
:100ED00080F31188BFF34F8FBFF36F8F00BF00BF48
:100EE000FEE786B1002507E0715D04F1340041554D
:100EF000705D00B902E06D1C102DF5D300BF00211C
:100F00004320015502E0002084F83400072F00D36D
:100F10000627E76267640020A064201D00F0E3FA62
:100F200004F1180000F0DFFA2461C7F10700A061A6
:100F300064620020E06484F8500049464046039A09
:100F400000F0EAF92060BBF1000F01D0CBF80040BF
:100F5000BDE8FF9F10B5002407E004EB84010F4AB1
:100F600002EB810000F0B2FA641C072CF5D30C48A8
:100F700000F0ACFA0B4800F0A9FA0B4800F0A6FA12
:100F80000A4800F0A3FA0A4800F0A0FA0448094908
:100F9000086004480849086010BD0000A808002443
:100FA00034090024480900245C0900247009002445
:100FB00084090024A0000024A400002410B50146E8
:100FC000164800E0006803688B42FBD30246436882
:100FD00013448B4204D143684C6823444360014668
:100FE0000A464B6813440468A34211D10C4C0368B1
:100FF0002468A34208D04B680468646823444B60AB
:1010000003681B680B6005E0054B1B680B6001E083
:1010100003680B60884200D0016010BDD800002436
:10102000E000002470B5054600F086FAA86B08B908
:10103000012400E0002400F0A9FA204670BD70B53C
:10104000054600F079FAA86BE96B884201D10124CA
:1010500000E0002400F09AFA204670BD0A490968B1
:10106000096809B9012100E0002121B14FF0FF31E9
:10107000064A116006E004490968C968C868034A5D
:101080004168116070470000A0000024CC000024DB
:101090000E480068401C08B9012000E0002050B94B
:1010A00000BF502080F31188BFF34F8FBFF36F8FC5
:1010B00000BF00BFFEE700BF502080F31188BFF3E0
:1010C0004F8FBFF36F8F00BF00BFFEE7F800002413
:1010D00070B5044600F030FA94F9455010E0606AAB
:1010E00008B9012000E0002038B904F1240001F023
:1010F00079FA18B100F044FB00E003E0681E45B245
:10110000002DECDC00BFFF2084F8450000F03EFA23
:1011100000F012FA94F9445010E0206908B9012057
:1011200000E0002048B904F1100001F05BFA08B1BA
:1011300000F026FB681E45B200E001E0002DECDC6B
:1011400000BFFF2084F8440000F020FA70BD0000CA
:101150002DED028BFAF7ECF91DE00F48407873286B
:1011600001D0FAF7E5F90D48FAF762FC0C4890ED6A
:10117000000AB8EE400ADFED0B0A80EE201AB0EE4E
:10118000418AB0EE480A08490448FAF73BFA044895
:101190000068FFF7C9FAE0E7C4880024B888002493
:1011A000EC02002400007A44688400242DE9F04118
:1011B00004464FF0000800F0BBFB4948006808B93E
:1011C000FFF7FAFD474800682040002870D1D4B1ED
:1011D000083404F00700B0B104F00700C0F10800C3
:1011E000044404F0070008B9012000E0002050B9D1
:1011F00000BF502080F31188BFF34F8FBFF36F8F74
:1012000000BF00BFFEE7002C52D037480068844280
:101210004ED8364E3046056801E02E462D68686887
:10122000A04202D228680028F7D12D4800688542E4
:101230003ED0306800F10808286830606868001BFC
:10124000102819D92F1907F0070008B9012000E06C
:10125000002050B900BF502080F31188BFF34F8F9A
:10126000BFF36F8F00BF00BFFEE76868001B7860A8
:101270006C603846FFF7A2FE1B4968680968081AC7
:10128000194908600846006819490968884203D26C
:1012900015480068164908601249686809680843DB
:1012A00068600020286013480068401C11490860ED
:1012B00001F0E4F908F0070008B9012000E000207F
:1012C00050B900BF502080F31188BFF34F8FBFF398
:1012D0006F8F00BF00BFFEE74046BDE8F081000011
:1012E000E0000024F4000024E4000024D8000024DE
:1012F000E8000024EC0000240648006830B10549ED
:10130000096801F14800896C491C016001480068C6
:10131000704700009C000024001F4FF080730360A2
:10132000001F21F001030360001F054B0360143808
:101330000260001F6FF00203036020387047000056
:1013400091100108F0EE400A9FED020A20EE800A9B
:1013500070470000E12E654210B50446DFED040A37
:101360009FED040A044A00212046F9F74BFF10BD07
:10137000000000000000C842A8290108D0ED000AC2
:1013800091ED001AF4EEC10AF1EE10FA13DDD1ED81
:10139000000A70EE800AC1ED000AD1ED000A90ED5E
:1013A000001AF4EEC10AF1EE10FA20DBD0ED000ACB
:1013B000C1ED000A1BE0D0ED000A91ED001AF4EE39
:1013C000C10AF1EE10FA12D2D1ED000A70EEC00A95
:1013D000C1ED000AD1ED000A90ED001AF4EEC10A49
:1013E000F1EE10FA03D8D0ED000AC1ED000A704703
:1013F00010B500EE100A2DED028BB1EEC08A18EE8A
:10140000100A20F00040C0F1FF40C00F0AD010EEDB
:10141000100A20F00040C0F1FF40C00F04BF0120BF
:10142000FDF7DCF918EE100ABDEC028B10BD0000D0
:1014300070B504464FF0FF310B48006800F00CFE19
:101440002046EFF714F885B24FF0FF332A462146C5
:101450000648F8F7F9F800231A46194602480068CA
:1014600000F0F4FB70BD0000180300247C0700248A
:10147000B0EE401A30EEC10AF0EE401AB0EE412A4A
:1014800000EE100AB8EEC00A60EE212A01228A405E
:10149000521E00EE102AB8EEC03A82EE830A30EEF9
:1014A000020A704701460A69D1E901309860D1E922
:1014B000010358605068884201D18868506000205C
:1014C00008611068401E10601068704700F1080144
:1014D00041604FF0FF31816000F10801C16001619E
:1014E00000210160704700210161704710B502467C
:1014F0000B685C1C0CB9106907E002F1080000E001
:101500004068446824689C42FAD944684C604C683E
:10151000A160886041600A611468641C146010BD99
:1015200042684A6093688B60936859609160086173
:1015300003685B1C0360704700BF502080F3118874
:10154000BFF34F8FBFF36F8F00BF0E480068401C82
:101550000C49086008460068012812D10A48006852
:10156000C0B208B9012000E0002050B900BF5020EF
:1015700080F31188BFF34F8FBFF36F8F00BF00BFA1
:10158000FEE77047F800002404ED00E00D48006815
:1015900050B900BF502080F31188BFF34F8FBFF3C5
:1015A0006F8F00BF00BFFEE706480068401E054978
:1015B00008600846006820B9002080F3118800BF49
:1015C00000BF7047F800002470B506463546002E6F
:1015D00044D0083D2C46224960680968084008B19B
:1015E000012000E0002050B900BF502080F3118896
:1015F000BFF34F8FBFF36F8F00BF00BFFEE72068C0
:1016000008B9012000E0002050B900BF502080F34D
:101610001188BFF34F8FBFF36F8F00BF00BFFEE78E
:101620000F49606809680840C0B12068B0B90C492A
:10163000606809688843606000F07AF90949606869
:1016400009680844074908602046FFF7B7FC0648C8
:101650000068401C0449086001F010F870BD0000EB
:10166000F4000024E4000024F000002400204FF0E7
:10167000E02108618861064800684FF47A71B0FB88
:10168000F1F0401E4FF0E0214861072008617047EB
:101690003000002470B5EEF77FFE0446102C16D300
:1016A00004F1E02090F8F05315480078854201DB02
:1016B000012000E0002050B900BF502080F31188C5
:1016C000BFF34F8FBFF36F8F00BF00BFFEE70D4822
:1016D000006800F4E0600C490968884201D80120E4
:1016E00000E0002050B900BF502080F31188BFF304
:1016F0004F8FBFF36F8F00BF00BFFEE770BD0000CC
:10170000FC0000240CED00E00001002470B504464C
:101710000025D4B11248006808B9012000E000207B
:1017200050B900BF502080F31188BFF34F8FBFF333
:101730006F8F00BF00BFFEE700F0FAF800212046DF
:10174000FFF708FA00F09AFF05463DB94FF08050C8
:1017500004490860BFF34F8FBFF36F8F70BD000067
:10176000D400002404ED00E0034909680160034946
:101770000968416070470000C4000024B0000024E4
:101780000120014908607047C000002470B504467C
:101790000D4654B900BF502080F31188BFF34F8F1E
:1017A000BFF36F8F00BF00BFFEE705480168183127
:1017B0002046FFF79BFE01212846FFF7CBF970BDBD
:1017C0009C0000242DE9F04706460F4634464FF0B2
:1017D0000109002E60D0A06C50B900BF502080F3EA
:1017E0001188BFF34F8FBFF36F8F00BF00BFFEE7BD
:1017F000606CB84201D23D4600E0656CE06AA842E8
:101800004AD0A06C012847D124480068844201D006
:10181000012000E0002050B900BF502080F3118863
:10182000BFF34F8FBFF36F8F00BF00BFFEE7D4F849
:101830002C80E562A06900F0004010B9C5F10700F6
:10184000A06108EB8801164A02EB810160698842B9
:1018500001D1012000E00020F0B1201DFFF722FEA1
:1018600040B994F82C10012088400E490968814342
:101870000C48016094F82C1001208840094909683F
:10188000084308490860E16A01EB8101044A02EB60
:101890008100211DFFF744FEBDE8F0879C00002475
:1018A000A8080024B40000241CB51A4800210B46E7
:1018B0008022CDE9001018A1194800F0EFFC044681
:1018C000012C15D100BF502080F31188BFF34F8F3A
:1018D000BFF36F8F00BF4FF0FF3012490860012047
:1018E0001149086000201149086000F073F810E009
:1018F000601C08B1012000E0002050B900BF50205A
:1019000080F31188BFF34F8FBFF36F8F00BF00BF0D
:10191000FEE71CBDD000002449444C4500000000F7
:10192000350E0108CC000024B8000024B0000024CB
:1019300002480068401C014908607047D400002438
:101940001D48006818B101201C49086032E00020E1
:101950001A4908601A480068B0FA80F0C0F11F0107
:1019600001EB8100174A52F8200008B1012000E085
:10197000002050B900BF502080F31188BFF34F8F73
:10198000BFF36F8F00BF00BFFEE701EB81020D4B7D
:1019900003EB820042685268426000F1080243682B
:1019A000934202D14268526842604268D268064B54
:1019B0001A6000BF70470000D4000024C00000245B
:1019C000B4000024A80800249C00002402800181A7
:1019D000704700001CB5524800685249884201D047
:1019E000012000E0002050B900BF502080F3118892
:1019F000BFF34F8FBFF36F8F00BF00BFFEE74848B4
:101A000000684849491E884201D0012000E00020BA
:101A100050B900BF502080F31188BFF34F8FBFF340
:101A20006F8F00BF00BFFEE73F4908460078019076
:101A3000FF200A4610700846007800909DF80000CC
:101A400000F0F0009DF80020904201D1012000E05C
:101A5000002050B900BF502080F31188BFF34F8F92
:101A6000BFF36F8F00BF00BFFEE79DF8000000F0DE
:101A700050002E4A107007202D4A106009E02C48B3
:101A80000068401E2A4A10609DF800004006000EC3
:101A900000909DF8000000F080008028EFD02448DE
:101AA0000068C0F10700042801D1012000E00020F7
:101AB00050B900BF502080F31188BFF34F8FBFF3A0
:101AC0006F8F00BF00BFFEE7194800680002184A88
:101AD00010601046008800F4E0601060124A01981F
:101AE00010700F482030006840F470000C4920311D
:101AF00008600846006840F070400860FFF7B6FDD7
:101B000000200C490860EEF70FFC0B48006840F01D
:101B1000404009490860EEF7F3FB00201CBD0000BF
:101B200000ED00E071C20F4100E400E0FC00002481
:101B300000010024F800002434EF00E02DE9F0411A
:101B400004460126002722460021012000F007F864
:101B500005462846FFF782F92846BDE8F0812DE9C1
:101B6000F84305460E4617460DB1012000E000205F
:101B700050B900BF502080F31188BFF34F8FBFF3DF
:101B80006F8F00BF00BFFEE705FB06F808F14800B5
:101B9000FFF70CFB04464CB1A14609F148093B464E
:101BA0004A46314628460094FFF767F92046BDE8CB
:101BB000F883000070B505460E462C4654B900BFA8
:101BC000502080F31188BFF34F8FBFF36F8F00BF9A
:101BD00000BFFEE7FFF7B0FCD4E90F12206801FB5D
:101BE0000200A0600020A06320686060E06B401EDF
:101BF000226C216800FB0211E160FF2084F84400A0
:101C000084F845009EB9206908B9012000E0002051
:101C1000A8B904F1100000F0E5FC80B14FF080504D
:101C200009490860BFF34F8FBFF36F8F07E004F1DE
:101C30001000FFF74BFC04F12400FFF747FCFFF70F
:101C4000A5FC012070BD000004ED00E02DE9FF437C
:101C500083B0064688461D464FF00009344654B905
:101C600000BF502080F31188BFF34F8FBFF36F8FF9
:101C700000BF00BFFEE7B8F1000F01D1206C08B92A
:101C8000012000E0002050B900BF502080F31188EF
:101C9000BFF34F8FBFF36F8F00BF00BFFEE7022D72
:101CA00002D1E06B012801D1012000E0002050B9F1
:101CB00000BF502080F31188BFF34F8FBFF36F8FA9
:101CC00000BF00BFFEE700F019FB08B9059808B98E
:101CD000012000E0002050B900BF502080F311889F
:101CE000BFF34F8FBFF36F8F00BF00BFFEE700BF92
:101CF000FFF722FCA06BE16B884201D3022D28D1B3
:101D00002A4641462046FFF704F80746606A08B9AC
:101D1000012000E0002068B904F1240000F062FC1A
:101D200088B14FF0805032490860BFF34F8FBFF346
:101D30006F8F08E03FB14FF080502D490860BFF32E
:101D40004F8FBFF36F8FFFF721FC012007B0BDE875
:101D5000F083059818B9FFF719FC0020F6E7B9F1F0
:101D6000000F04D101A8FFF7FFFC4FF00109FFF7B6
:101D70000DFCFFF7DDFDFFF7DFFB94F94400401C8D
:101D800010B9002084F8440094F94500401C10B9B3
:101D9000002084F84500FFF7F9FB05A901A800F031
:101DA00037FAF0B92046FFF74AF9A0B104F1100064
:101DB0000599FFF7EBFC2046FFF78AF900F05EFC7F
:101DC000002895D14FF0805009490860BFF34F8F2C
:101DD000BFF36F8F8CE72046FFF77AF900F04EFCD7
:101DE00086E72046FFF774F900F048FC0020ADE7D5
:101DF00004ED00E02DE9F84F07468A4690461E465E
:101E00003C4654B900BF502080F31188BFF34F8F78
:101E1000BFF36F8F00BF00BFFEE7BAF1000F01D123
:101E2000206C08B9012000E0002050B900BF50200C
:101E300080F31188BFF34F8FBFF36F8F00BF00BFD8
:101E4000FEE7022E02D1E06B012801D1012000E063
:101E5000002050B900BF502080F31188BFF34F8F8E
:101E6000BFF36F8F00BF00BFFEE7FFF713FC00BF9B
:101E70005021EFF3118081F31188BFF34F8FBFF32F
:101E80006F8F00BF0546A06BE16B884201D3022E25
:101E900025D194F945B0A06B0090324651462046BA
:101EA000FEF737FF0BF1010088B9606A08B901201D
:101EB00000E0002050B904F1240000F093FB28B1A9
:101EC000B8F1000F02D00120C8F8000004E00BF1C7
:101ED000010040B284F845004FF0010901E04FF0E5
:101EE000000900BF85F3118800BF4846BDE8F88FA0
:101EF0002DE9F74183B005460E464FF000082C4609
:101F000054B900BF502080F31188BFF34F8FBFF347
:101F10006F8F00BF00BFFEE70EB9206C08B901202B
:101F200000E0002050B900BF502080F31188BFF3BB
:101F30004F8FBFF36F8F00BF00BFFEE700F0DEF9E9
:101F400008B9059808B9012000E0002050B900BF89
:101F5000502080F31188BFF34F8FBFF36F8F00BF06
:101F600000BFFEE700BFFFF7E7FAA76BF7B1314606
:101F70002046FEF7B9FE781EA063206908B901204B
:101F800000E0002060B904F1100000F02BFB38B134
:101F90004FF080502F490860BFF34F8FBFF36F8F12
:101FA000FFF7F4FA012006B0BDE8F081059818B9F2
:101FB000FFF7ECFA0020F6E7B8F1000F04D101A812
:101FC000FFF7D2FB4FF00108FFF7E0FAFFF7B0FC94
:101FD000FFF7B2FA94F94400401C10B9002084F8CD
:101FE000440094F94500401C10B9002084F84500D5
:101FF000FFF7CCFA05A901A800F00AF9F0B92046CC
:10200000FFF710F8A0B104F124000599FFF7BEFB1B
:102010002046FFF75DF800F031FB0028A3D14FF018
:1020200080500C490860BFF34F8FBFF36F8F9AE762
:102030002046FFF74DF800F021FB94E72046FFF71C
:1020400047F800F01BFB2046FEF7ECFF00288AD083
:102050000020A8E704ED00E02DE9F34182B0054639
:102060004FF000082C46002654B900BF502080F3E2
:102070001188BFF34F8FBFF36F8F00BF00BFFEE724
:10208000206C08B9012000E0002050B900BF5020AA
:1020900080F31188BFF34F8FBFF36F8F00BF00BF76
:1020A000FEE700F02BF908B9039808B9012000E019
:1020B000002050B900BF502080F31188BFF34F8F2C
:1020C000BFF36F8F00BF00BFFEE700BFFFF734FA1A
:1020D000A76BFFB1781EA063206810B9FFF70CF959
:1020E000A060206908B9012000E0002060B904F177
:1020F000100000F077FA38B14FF080504349086083
:10210000BFF34F8FBFF36F8FFFF740FA012004B08A
:10211000BDE8F081039898B90EB9012000E00020D5
:1021200050B900BF502080F31188BFF34F8FBFF329
:102130006F8F00BF00BFFEE7FFF728FA0020E6E739
:10214000B8F1000F04D16846FFF70EFB4FF001080D
:10215000FFF71CFAFFF7ECFBFFF7EEF994F94400E8
:10216000401C10B9002084F8440094F94500401C3C
:1021700010B9002084F84500FFF708FA03A9684663
:1021800000F046F840BB2046FEF74CFFF0B1206857
:1021900038B9FFF7D1F9A06800F0C8F90646FFF793
:1021A000F5F904F124000399FFF7F0FA2046FEF751
:1021B0008FFF00F063FA002888D14FF08050134958
:1021C0000860BFF34F8FBFF36F8F7FE72046FEF7A6
:1021D0007FFF00F053FA79E72046FEF779FF00F021
:1021E0004DFA2046FEF71EFF0028EED05EB1FFF745
:1021F000A3F92046FEF7D5FD07463946A068FFF74C
:10220000E1FAFFF7C3F9002081E7000004ED00E0E8
:1022100070B505460C4655B900BF502080F31188B3
:10222000BFF34F8FBFF36F8F00BF00BFFEE754B9FE
:1022300000BF502080F31188BFF34F8FBFF36F8F23
:1022400000BF00BFFEE7FFF777F912480268686831
:10225000131A2068401C08B9002617E00E492868A8
:102260000968884204D06868904201D801260DE0D0
:102270002068984207D92068C01A20602846FFF7D6
:1022800073FA002602E0002020600126FFF77EF9A5
:10229000304670BDB0000024C40000242DE9FF4F7B
:1022A00085B0804689461746DDE912ABB800FEF7D7
:1022B0007DFF064656B15420FEF778FF04460CB168
:1022C000266304E03046FFF77FF900E000247CB18C
:1022D0000020CDE900ABCDE902403A4649464046F0
:1022E000089BFEF7DDFD2046FEF780FC012501E09E
:1022F0004FF0FF35284609B0BDE8F08F0549096861
:1023000009B9012005E00449096809B9022000E083
:1023100000207047B8000024D40000242DE9F041CB
:102320004FF000084448006800287CD1434800680A
:10233000451C4248056015BB41480068006808B963
:10234000012000E0002050B900BF502080F3118828
:10235000BFF34F8FBFF36F8F00BF00BFFEE738485A
:1023600007683848006836490860364807603648CC
:102370000068401C34490860FEF770FE00BF334817
:10238000006885423CD300BF2D480068006808B94A
:10239000012000E0002020B14FF0FF302B49086001
:1023A0002DE027480068C068C4686668B54202D25C
:1023B0002648066023E0201DFFF774F8A06A18B1D4
:1023C00004F11800FFF76EF894F82C1001208840F3
:1023D0001F49096808431E490860E16A01EB810151
:1023E0001C4A02EB8100211DFFF79AF81A49E06AA6
:1023F0000968C96A8842C7D34FF00108C4E700BF23
:1024000015480068C06A00EB8000124951F82000AE
:10241000012801D94FF001081048006808B14FF0B9
:10242000010805E0FFE70E480068401C0C49086001
:102430004046BDE8F0810000D4000024B000002434
:10244000A0000024A4000024C4000024CC00002428
:10245000B4000024A80800249C000024C00000242C
:10246000BC00002470B505462C460026002D55D032
:102470002B480068844201D1012000E0002050B9BF
:1024800000BF502080F31188BFF34F8FBFF36F8FD1
:1024900000BF00BFFEE7A06C50B900BF502080F322
:1024A0001188BFF34F8FBFF36F8F00BF00BFFEE7F0
:1024B000A06C401EA064616CE06A88422ED0A06CC3
:1024C00060BB201DFEF7EEFF78B9E06A00EB8000EC
:1024D000144951F8200040B994F82C10012088408C
:1024E00011490968814310480160606CE062E06A4C
:1024F000C0F10700A06194F82C10012088400A491F
:102500000968084308490860E16A01EB8101054A4E
:1025100002EB8100211DFFF703F80126304670BD54
:102520009C000024A8080024B400002470B50546CF
:102530002C460026002D4DD02749E06A0968C96A5B
:10254000884240D2A06900F0004028B922480068C3
:10255000C06AC0F10700A061E16A01EB81011F4A76
:1025600002EB81016069884201D1012000E0002076
:1025700018B3201DFEF796FF40B994F82C100120E7
:10258000884017490968814315480160124800686E
:10259000C06AE06294F82C10012088401049096854
:1025A00008430F490860E16A01EB81010B4A02EB25
:1025B0008100211DFEF7B4FF03E007480068C06AF0
:1025C000E062012606E00449606C0968C96A884235
:1025D00000D20126304670BD9C000024A8080024CB
:1025E000B400002470B50646F068C46854B900BF52
:1025F000502080F31188BFF34F8FBFF36F8F00BF60
:1026000000BFFEE704F11800FEF74CFF1548006814
:10261000A8B9201DFEF746FF94F82C100120884031
:1026200011490968084310490860E16A01EB81011A
:102630000E4A02EB8100211DFEF772FF04E004F157
:1026400018010B48FEF76CFF0A49E06A0968C96A7D
:10265000884204D9012501200749086000E00025CF
:10266000284670BDD4000024B4000024A80800242B
:102670005C0900249C000024C000002470B50024E4
:1026800000263648006850B900BF502080F31188FA
:10269000BFF34F8FBFF36F8F00BF00BFFEE7FEF7A2
:1026A0004BFF2E480068401E2C4908600846006811
:1026B00000284FD12A48006800284BD024E0294840
:1026C000C068C46804F11800FEF7ECFE201DFEF798
:1026D000E9FE94F82C10012088402349096808433A
:1026E00021490860E16A01EB8101204A02EB810087
:1026F000211DFEF715FF1E49E06A0968C96A884274
:1027000002D301201B4908601648006808B901205F
:1027100000E000200028D2D00CB1FEF79FFC164844
:10272000056865B100BFFFF7F9FD10B1012011493F
:1027300008606D1E002DF6D100200F4908600D487D
:10274000006838B1012630070C490860BFF34F8F8D
:10275000BFF36F8FFEF71AFF304670BDD400002420
:10276000AC0000245C090024B4000024A808002464
:102770009C000024C0000024BC00002404ED00E004
:1027800070B504460223002219462046F7F79EFA48
:1027900004F580741249A06891E82C00C96880E8AB
:1027A0002C00C1600F492068D1E901530A68C9684B
:1027B000C0E901530260C1600B4D206AD5E90113E5
:1027C0002A68ED68061D2AC60260084D636A27CD97
:1027D00027C3A369A4F58074054D27CD27C370BD19
:1027E0006402002474020024840200249402002461
:1027F000B429010810B52DED028B0446B0EE408BD4
:102800006068C0ED008A606880ED018A2046F7F7B5
:10281000DDFE00200BE0216801EB800191ED000A54
:10282000054901EB800181ED000A411CC8B2022874
:10283000F1DBBDEC028B10BDA40200246C2A010860
:102840008BC10008000000000000000080000000B4
:10285000542A0108759800080300000000000000D9
:1028600000020000442A01080D26000801000000B3
:102870000000000000020000342A0108DD230008E7
:10288000010000000000000000020000102A010802
:102890004DAE000802000000000000000002000031
:1028A000042A01089DB50008010000000000000096
:1028B00080000000602A010851D9000801000000D2
:1028C0000000000000010000202A01085BCA000887
:1028D00000000000000000000001000000061016CB
:1028E000000610160001020304050607080C101468
:1028F0001820304000000000000000000000000030
:1029000000000000000000000100000002000000C4
:1029100003000000040000000000000005000000AB
:1029200000000000000000000000000006000000A1
:102930000000000000000000000000000700000090
:10294000010002000400060008000A000C0010004C
:102950002000400080000001010101030701000088
:102960000804020408010101000000000102030440
:10297000010203040607080900002F4400000000BC
:1029800000401C4500002F440000000000401C4592
:102990000000204100000000CDCCCC3D00000040F4
:1029A00000000000CDCC4C3E0000C84200000000FA
:1029B000000000000000803F000000000000000058
:1029C0000000803FDDDDDDDDDCBBBBDDDDDDDDDD31
:1029D000DDDDDDDD98888888888888887777777757
:1029E0007788888885555556666666666666666623
:1029F00066688888833333322222222222222222CE
:102A00002228888D5053325F5441534B0000000000
:102A10004F4253455256455F5441534B000000000E
:102A2000554152545F434F4E54524F4C5F544153A3
:102A30004B000000434841535349534C5F544153AA
:102A40004B00000043484153534953525F54415394
:102A50004B000000494E535F5441534B00000000AF
:102A6000554152545F5441534B0000006465666108
:102A7000756C745461736B0000000000920E493C49
:102A8000B10AC93C2BC3163D2EFB483D752B7B3D3F
:102A900004A9963D80B6AF3D36BDC83D2FBCE13D93
:102AA00073B2FA3D87CF093E8340163EB5AB223E56
:102AB000A2102F3ECF6E3B3EC2C5473E0115543E8D
:102AC000135C603E7F9A6C3ECCCF783EC07D823EE8
:102AD000938E883E229A8E3E32A0943E86A09A3EE5
:102AE000E59AA03E128FA63ED47CAC3EEF63B23E88
:102AF0002A44B83E491DBE3E15EFC33E53B9C93EF8
:102B0000CA7BCF3E4136D53E80E8DA3E4F92E03E6A
:102B10007533E63EBBCBEB3EEA5AF13ECBE0F63EE8
:102B2000275DFC3EE4E7003F3D9C033F824B063FB0
:102B30009BF5083F6B9A0B3FDA390E3FCDD3103F20
:102B40002A68133FD9F6153FC07F183FC6021B3FC6
:102B5000D17F1D3FCBF61F3F9967223F25D2243FEF
:102B60005636273F1594293F4AEB2B3FDE3B2E3F3D
:102B7000BB85303FC9C8323FF304353F233A373F66
:102B80004268393F3B8F3B3FF9AE3D3F67C73F3F10
:102B900070D8413F01E2433F03E4453F65DE473FD4
:102BA00012D1493FF8BB4B3F029F4D3F207A4F3F28
:102BB0003D4D513F4918533F31DB543FE595563F5A
:102BC0005348583F6AF2593F1A945B3F532D5D3F7B
:102BD00005BE5E3F2146603F97C5613F5A3C633F5B
:102BE00059AA643F880F663FD86B673F3CBF683F78
:102BF000A7096A3F0C4B6B3F5E836C3F93B26D3FFE
:102C00009ED86E3F73F56F3F0809713F5213723FB4
:102C10004714733FDD0B743F0BFA743FC6DE753FFC
:102C200007BA763FC58B773FF853783F9812793FC4
:102C30009DC7793F02737A3FBE147B3FCDAC7B3F8B
:102C4000283B7C3FC9BF7C3FAC3A7D3FCCAB7D3F4E
:102C500023137E3FB0707E3F6DC47E3F580E7F3F92
:102C60006D4E7F3FAB847F3F0FB17F3F97D37F3F58
:102C700043EC7F3F11FB7F3F0000803F11FB7F3F14
:102C800043EC7F3F97D37F3F0FB17F3FAB847F3FC4
:102C90006D4E7F3F580E7F3F6DC47E3FB0707E3FCC
:102CA00023137E3FCCAB7D3FAC3A7D3FC9BF7C3F19
:102CB000283B7C3FCDAC7B3FBE147B3F02737A3F09
:102CC0009DC7793F9812793FF853783FC58B773F7E
:102CD00007BA763FC6DE753F0BFA743FDD0B743FD3
:102CE0004714733F5213723F0809713F73F56F3FEA
:102CF0009ED86E3F93B26D3F5E836C3F0C4B6B3F33
:102D0000A7096A3F3CBF683FD86B673F880F663FA3
:102D100059AA643F5A3C633F97C5613F2146603FD3
:102D200005BE5E3F532D5D3F1A945B3F6AF2593FEB
:102D30005348583FE595563F31DB543F4918533FC0
:102D40003D4D513F207A4F3F029F4D3FF8BB4B3FD7
:102D500012D1493F65DE473F03E4453F01E2433F6F
:102D600070D8413F67C73F3FF9AE3D3F3B8F3B3F88
:102D70004268393F233A373FF304353FC9C8323FF1
:102D8000BB85303FDE3B2E3F4AEB2B3F1594293F5E
:102D90005636273F25D2243F9967223FCBF61F3F67
:102DA000D17F1D3FC6021B3FC07F183FD9F6153F9C
:102DB0002A68133FCDD3103FDA390E3F6B9A0B3F91
:102DC0009BF5083F824B063F3D9C033FE4E7003FF5
:102DD000275DFC3ECBE0F63EEA5AF13EBBCBEB3E34
:102DE0007533E63E4F92E03E80E8DA3E4136D53E0E
:102DF000CA7BCF3E53B9C93E15EFC33E491DBE3E07
:102E00002A44B83EEF63B23ED47CAC3E128FA63E5D
:102E1000E59AA03E86A09A3E32A0943E229A8E3E2B
:102E2000938E883EC07D823ECCCF783E7F9A6C3EAA
:102E3000135C603E0115543EC2C5473ECF6E3B3E1B
:102E4000A2102F3EB5AB223E8340163E87CF093EEF
:102E500073B2FA3D2FBCE13D36BDC83D80B6AF3DF3
:102E600004A9963D752B7B3D2EFB483D2BC3163D9B
:102E7000B10AC93C920E493C00000000920E49BCC8
:102E8000B10AC9BC2BC316BD2EFB48BD752B7BBD3B
:102E900004A996BD80B6AFBD36BDC8BD2FBCE1BD8F
:102EA00073B2FABD87CF09BE834016BEB5AB22BE52
:102EB000A2102FBECF6E3BBEC2C547BE011554BE89
:102EC000135C60BE7F9A6CBECCCF78BEC07D82BEE4
:102ED000938E88BE229A8EBE32A094BE86A09ABEE1
:102EE000E59AA0BE128FA6BED47CACBEEF63B2BE84
:102EF0002A44B8BE491DBEBE15EFC3BE53B9C9BEF4
:102F0000CA7BCFBE4136D5BE80E8DABE4F92E0BE66
:102F10007533E6BEBBCBEBBEEA5AF1BECBE0F6BEE4
:102F2000275DFCBEE4E700BF3D9C03BF824B06BFAC
:102F30009BF508BF6B9A0BBFDA390EBFCDD310BF1C
:102F40002A6813BFD9F615BFC07F18BFC6021BBFC2
:102F5000D17F1DBFCBF61FBF996722BF25D224BFEB
:102F6000563627BF159429BF4AEB2BBFDE3B2EBF39
:102F7000BB8530BFC9C832BFF30435BF233A37BF62
:102F8000426839BF3B8F3BBFF9AE3DBF67C73FBF0C
:102F900070D841BF01E243BF03E445BF65DE47BFD0
:102FA00012D149BFF8BB4BBF029F4DBF207A4FBF24
:102FB0003D4D51BF491853BF31DB54BFE59556BF56
:102FC000534858BF6AF259BF1A945BBF532D5DBF77
:102FD00005BE5EBF214660BF97C561BF5A3C63BF57
:102FE00059AA64BF880F66BFD86B67BF3CBF68BF74
:102FF000A7096ABF0C4B6BBF5E836CBF93B26DBFFA
:103000009ED86EBF73F56FBF080971BF521372BFB0
:10301000471473BFDD0B74BF0BFA74BFC6DE75BFF8
:1030200007BA76BFC58B77BFF85378BF981279BFC0
:103030009DC779BF02737ABFBE147BBFCDAC7BBF87
:10304000283B7CBFC9BF7CBFAC3A7DBFCCAB7DBF4A
:1030500023137EBFB0707EBF6DC47EBF580E7FBF8E
:103060006D4E7FBFAB847FBF0FB17FBF97D37FBF54
:1030700043EC7FBF11FB7FBF000080BF11FB7FBF10
:1030800043EC7FBF97D37FBF0FB17FBFAB847FBFC0
:103090006D4E7FBF580E7FBF6DC47EBFB0707EBFC8
:1030A00023137EBFCCAB7DBFAC3A7DBFC9BF7CBF15
:1030B000283B7CBFCDAC7BBFBE147BBF02737ABF05
:1030C0009DC779BF981279BFF85378BFC58B77BF7A
:1030D00007BA76BFC6DE75BF0BFA74BFDD0B74BFCF
:1030E000471473BF521372BF080971BF73F56FBFE6
:1030F0009ED86EBF93B26DBF5E836CBF0C4B6BBF2F
:10310000A7096ABF3CBF68BFD86B67BF880F66BF9F
:1031100059AA64BF5A3C63BF97C561BF214660BFCF
:1031200005BE5EBF532D5DBF1A945BBF6AF259BFE7
:10313000534858BFE59556BF31DB54BF491853BFBC
:103140003D4D51BF207A4FBF029F4DBFF8BB4BBFD3
:1031500012D149BF65DE47BF03E445BF01E243BF6B
:1031600070D841BF67C73FBFF9AE3DBF3B8F3BBF84
:10317000426839BF233A37BFF30435BFC9C832BFED
:10318000BB8530BFDE3B2EBF4AEB2BBF159429BF5A
:10319000563627BF25D224BF996722BFCBF61FBF63
:1031A000D17F1DBFC6021BBFC07F18BFD9F615BF98
:1031B0002A6813BFCDD310BFDA390EBF6B9A0BBF8D
:1031C0009BF508BF824B06BF3D9C03BFE4E700BFF1
:1031D000275DFCBECBE0F6BEEA5AF1BEBBCBEBBE30
:1031E0007533E6BE4F92E0BE80E8DABE4136D5BE0A
:1031F000CA7BCFBE53B9C9BE15EFC3BE491DBEBE03
:103200002A44B8BEEF63B2BED47CACBE128FA6BE59
:10321000E59AA0BE86A09ABE32A094BE229A8EBE27
:10322000938E88BEC07D82BECCCF78BE7F9A6CBEA6
:10323000135C60BE011554BEC2C547BECF6E3BBE17
:10324000A2102FBEB5AB22BE834016BE87CF09BEEB
:1032500073B2FABD2FBCE1BD36BDC8BD80B6AFBDEF
:1032600004A996BD752B7BBD2EFB48BD2BC316BD97
:10327000B10AC9BC920E49BC000000809C32010812
:10328000000000248C030000A40F00083034010863
:103290008C03002434900000CCE700080128321091
:1032A00042012C90D0030480093333EB3A58A08BB1
:1032B0003A291C157D04017C100F0240AB0341012B
:1032C000055308065804070F160810810911160A3D
:1032D00015800B16450C18010D0580701770171A14
:1032E000AA0101100520C3F51C41101F4DBBA3C04E
:1032F000663B32BFEDEC0DC0F385FFBFEFC6CA3FA2
:1033000093A5513E80D6863F54C10813353E923B6B
:10331000243F2466043F6C41A041AAD0223F0138DB
:1033200068C1864221C3DE12DB4241A224C2235A75
:10333000A2BE473E184044AC02C0A03B52C0D2904F
:10334000DBBB4D4129C3CA07B442B5A681C14F308A
:103350009BBFACD0AEC2CC233B42F57419C145ED46
:10336000A0BFDFD44BC44958F643F80EDAC2FDF2D1
:103370002641C6A494C105445641F4EE70C01134F0
:10338000183F4EC2BCC29A80914262FAAAC18BB366
:103390005A40E405BDC0E2CD97409B6EBDBF8DBDD8
:1033A0009D3E7736DDC39A3F85436DC969C26C0E79
:1033B000AA40AD14E7C370988543790D5EC2EE351F
:1033C0009740C9D1DB44D95A6AC4DDAE294369822A
:1033D0001741AAC08B42764F1EC2AB8CFD404F33C3
:1033E000083EF8616F803FA69B443B0C4904891C52
:1033F000319910290CA3C842890C021D0314014203
:10340000011A0224120412051206120712081209E8
:10341000120A120B120C120D120E120F1A100E615C
:103420005C0AD7A38CC9A4C9B401121938025C3D47
:04000005080002CD20
:00000001FF
